;;;;Sample 11;
;;;;Std_0.05nM;
MainRuns;0;75As;Y;186.6680604548514;
MainRuns;1;75As;Y;140.00078400439043;
MainRuns;2;75As;Y;126.66730844769614;
MainRuns;3;75As;Y;133.33404444823705;
MainRuns;4;75As;Y;126.66730844769614;
MainRuns;5;75As;Y;130.00067600351522;
MainRuns;6;75As;Y;136.66741378186202;
MainRuns;7;75As;Y;146.66752711615911;
MainRuns;8;75As;Y;176.66791511993355;
MainRuns;9;75As;Y;133.33404444823705;
MainRuns;10;75As;Y;126.66730844769614;
MainRuns;11;75As;Y;133.33404444823705;
MainRuns;12;75As;Y;113.33384711344026;
MainRuns;13;75As;Y;103.33376044620987;
MainRuns;14;75As;Y;136.66741378186202;
MainRuns;15;75As;Y;93.33368177907866;
MainRuns;16;75As;Y;70.0001960005488;
MainRuns;17;75As;Y;116.66721111365187;
MainRuns;18;75As;Y;123.33394178077945;
MainRuns;19;75As;Y;156.66764845059697;
MainRuns;20;75As;Y;86.666967112152662;
MainRuns;21;75As;Y;126.66730844769614;
MainRuns;22;75As;Y;130.00067600351522;
MainRuns;23;75As;Y;126.66730844769614;
MainRuns;24;75As;Y;113.33384711344026;
MainRuns;25;75As;Y;146.66752711615911;
MainRuns;26;75As;Y;96.667040445889725;
MainRuns;27;75As;Y;120.00057600276482;
MainRuns;28;75As;Y;106.66712177971959;
MainRuns;29;75As;Y;153.33427378354588;
MainRuns;30;75As;Y;160.00102400655365;
MainRuns;31;75As;Y;140.00078400439043;
MainRuns;32;75As;Y;183.33467778763713;
MainRuns;33;75As;Y;106.66712177971959;
MainRuns;34;75As;Y;120.00057600276482;
MainRuns;35;75As;Y;106.66712177971959;
MainRuns;36;75As;Y;133.33404444823705;
MainRuns;37;75As;Y;160.00102400655365;
MainRuns;38;75As;Y;140.00078400439043;
MainRuns;39;75As;Y;143.33415511582268;
MainRuns;40;75As;Y;146.66752711615911;
MainRuns;41;75As;Y;160.00102400655365;
MainRuns;42;75As;Y;146.66752711615911;
MainRuns;43;75As;Y;146.66752711615911;
MainRuns;44;75As;Y;153.33427378354588;
MainRuns;45;75As;Y;153.33427378354588;
MainRuns;46;75As;Y;110.00048400212961;
MainRuns;47;75As;Y;120.00057600276482;
MainRuns;48;75As;Y;130.00067600351522;
MainRuns;49;75As;Y;123.33394178077945;
MainRuns;50;75As;Y;140.00078400439043;
MainRuns;51;75As;Y;126.66730844769614;
MainRuns;52;75As;Y;136.66741378186202;
MainRuns;53;75As;Y;110.00048400212961;
MainRuns;54;75As;Y;100.00040000160001;
MainRuns;55;75As;Y;126.66730844769614;
MainRuns;56;75As;Y;160.00102400655365;
MainRuns;57;75As;Y;113.33384711344026;
MainRuns;58;75As;Y;110.00048400212961;
MainRuns;59;75As;Y;96.667040445889725;
MainRuns;60;75As;Y;96.667040445889725;
MainRuns;61;75As;Y;106.66712177971959;
MainRuns;62;75As;Y;123.33394178077945;
MainRuns;63;75As;Y;96.667040445889725;
MainRuns;64;75As;Y;93.33368177907866;
MainRuns;65;75As;Y;110.00048400212961;
MainRuns;66;75As;Y;106.66712177971959;
MainRuns;67;75As;Y;100.00040000160001;
MainRuns;68;75As;Y;150.0009000054;
MainRuns;69;75As;Y;110.00048400212961;
MainRuns;70;75As;Y;136.66741378186202;
MainRuns;71;75As;Y;126.66730844769614;
MainRuns;72;75As;Y;83.333611112037048;
MainRuns;73;75As;Y;130.00067600351522;
MainRuns;74;75As;Y;166.66777778518525;
MainRuns;75;75As;Y;120.00057600276482;
MainRuns;76;75As;Y;80.0002560008192;
MainRuns;77;75As;Y;130.00067600351522;
MainRuns;78;75As;Y;140.00078400439043;
MainRuns;79;75As;Y;113.33384711344026;
MainRuns;80;75As;Y;143.33415511582268;
MainRuns;81;75As;Y;156.66764845059697;
MainRuns;82;75As;Y;140.00078400439043;
MainRuns;83;75As;Y;133.33404444823705;
MainRuns;84;75As;Y;133.33404444823705;
MainRuns;85;75As;Y;143.33415511582268;
MainRuns;86;75As;Y;123.33394178077945;
MainRuns;87;75As;Y;146.66752711615911;
MainRuns;88;75As;Y;133.33404444823705;
MainRuns;89;75As;Y;100.00040000160001;
MainRuns;90;75As;Y;146.66752711615911;
MainRuns;91;75As;Y;140.00078400439043;
MainRuns;92;75As;Y;170.00115600786086;
MainRuns;93;75As;Y;160.00102400655365;
MainRuns;94;75As;Y;153.33427378354588;
MainRuns;95;75As;Y;196.66821378994848;
MainRuns;96;75As;Y;156.66764845059697;
MainRuns;97;75As;Y;156.66764845059697;
MainRuns;98;75As;Y;180.00129600933127;
MainRuns;99;75As;Y;146.66752711615911;
MainRuns;100;75As;Y;136.66741378186202;
MainRuns;101;75As;Y;176.66791511993355;
MainRuns;102;75As;Y;170.00115600786086;
MainRuns;103;75As;Y;130.00067600351522;
MainRuns;104;75As;Y;156.66764845059697;
MainRuns;105;75As;Y;120.00057600276482;
MainRuns;106;75As;Y;183.33467778763713;
MainRuns;107;75As;Y;203.33498712456196;
MainRuns;108;75As;Y;130.00067600351522;
MainRuns;109;75As;Y;193.33482845600673;
MainRuns;110;75As;Y;160.00102400655365;
MainRuns;111;75As;Y;143.33415511582268;
MainRuns;112;75As;Y;160.00102400655365;
MainRuns;113;75As;Y;176.66791511993355;
MainRuns;114;75As;Y;123.33394178077945;
MainRuns;115;75As;Y;206.66837512523438;
MainRuns;116;75As;Y;206.66837512523438;
MainRuns;117;75As;Y;186.6680604548514;
MainRuns;118;75As;Y;193.33482845600673;
MainRuns;119;75As;Y;183.33467778763713;
MainRuns;120;75As;Y;223.3353284622676;
MainRuns;121;75As;Y;206.66837512523438;
MainRuns;122;75As;Y;176.66791511993355;
MainRuns;123;75As;Y;110.00048400212961;
MainRuns;124;75As;Y;163.33440045141629;
MainRuns;125;75As;Y;193.33482845600673;
MainRuns;126;75As;Y;180.00129600933127;
MainRuns;127;75As;Y;196.66821378994848;
MainRuns;128;75As;Y;230.00211601946739;
MainRuns;129;75As;Y;220.00193601703697;
MainRuns;130;75As;Y;163.33440045141629;
MainRuns;131;75As;Y;146.66752711615911;
MainRuns;132;75As;Y;146.66752711615911;
MainRuns;133;75As;Y;176.66791511993355;
MainRuns;134;75As;Y;193.33482845600673;
MainRuns;135;75As;Y;180.00129600933127;
MainRuns;136;75As;Y;203.33498712456196;
MainRuns;137;75As;Y;150.0009000054;
MainRuns;138;75As;Y;163.33440045141629;
MainRuns;139;75As;Y;170.00115600786086;
MainRuns;140;75As;Y;153.33427378354588;
MainRuns;141;75As;Y;216.66854446071866;
MainRuns;142;75As;Y;150.0009000054;
MainRuns;143;75As;Y;213.33515379331237;
MainRuns;144;75As;Y;140.00078400439043;
MainRuns;145;75As;Y;173.3345351194435;
MainRuns;146;75As;Y;180.00129600933127;
MainRuns;147;75As;Y;176.66791511993355;
MainRuns;148;75As;Y;173.3345351194435;
MainRuns;149;75As;Y;186.6680604548514;
MainRuns;150;75As;Y;186.6680604548514;
MainRuns;151;75As;Y;256.66930180483189;
MainRuns;152;75As;Y;160.00102400655365;
MainRuns;153;75As;Y;163.33440045141629;
MainRuns;154;75As;Y;156.66764845059697;
MainRuns;155;75As;Y;160.00102400655365;
MainRuns;156;75As;Y;160.00102400655365;
MainRuns;157;75As;Y;126.66730844769614;
MainRuns;158;75As;Y;176.66791511993355;
MainRuns;159;75As;Y;243.33570180083086;
MainRuns;160;75As;Y;166.66777778518525;
MainRuns;161;75As;Y;170.00115600786086;
MainRuns;162;75As;Y;160.00102400655365;
MainRuns;163;75As;Y;213.33515379331237;
MainRuns;164;75As;Y;140.00078400439043;
MainRuns;165;75As;Y;156.66764845059697;
MainRuns;166;75As;Y;136.66741378186202;
MainRuns;167;75As;Y;143.33415511582268;
MainRuns;168;75As;Y;170.00115600786086;
MainRuns;169;75As;Y;156.66764845059697;
MainRuns;170;75As;Y;153.33427378354588;
MainRuns;171;75As;Y;146.66752711615911;
MainRuns;172;75As;Y;143.33415511582268;
MainRuns;173;75As;Y;100.00040000160001;
MainRuns;174;75As;Y;113.33384711344026;
MainRuns;175;75As;Y;156.66764845059697;
MainRuns;176;75As;Y;176.66791511993355;
MainRuns;177;75As;Y;143.33415511582268;
MainRuns;178;75As;Y;133.33404444823705;
MainRuns;179;75As;Y;153.33427378354588;
MainRuns;180;75As;Y;123.33394178077945;
MainRuns;181;75As;Y;150.0009000054;
MainRuns;182;75As;Y;106.66712177971959;
MainRuns;183;75As;Y;156.66764845059697;
MainRuns;184;75As;Y;153.33427378354588;
MainRuns;185;75As;Y;160.00102400655365;
MainRuns;186;75As;Y;113.33384711344026;
MainRuns;187;75As;Y;130.00067600351522;
MainRuns;188;75As;Y;176.66791511993355;
MainRuns;189;75As;Y;170.00115600786086;
MainRuns;190;75As;Y;143.33415511582268;
MainRuns;191;75As;Y;170.00115600786086;
MainRuns;192;75As;Y;130.00067600351522;
MainRuns;193;75As;Y;213.33515379331237;
MainRuns;194;75As;Y;163.33440045141629;
MainRuns;195;75As;Y;123.33394178077945;
MainRuns;196;75As;Y;163.33440045141629;
MainRuns;197;75As;Y;120.00057600276482;
MainRuns;198;75As;Y;180.00129600933127;
MainRuns;199;75As;Y;153.33427378354588;
MainRuns;200;75As;Y;140.00078400439043;
MainRuns;201;75As;Y;180.00129600933127;
MainRuns;202;75As;Y;126.66730844769614;
MainRuns;203;75As;Y;140.00078400439043;
MainRuns;204;75As;Y;156.66764845059697;
MainRuns;205;75As;Y;123.33394178077945;
MainRuns;206;75As;Y;156.66764845059697;
MainRuns;207;75As;Y;200.00160001280011;
MainRuns;208;75As;Y;123.33394178077945;
MainRuns;209;75As;Y;130.00067600351522;
MainRuns;210;75As;Y;130.00067600351522;
MainRuns;211;75As;Y;136.66741378186202;
MainRuns;212;75As;Y;186.6680604548514;
MainRuns;213;75As;Y;173.3345351194435;
MainRuns;214;75As;Y;126.66730844769614;
MainRuns;215;75As;Y;160.00102400655365;
MainRuns;216;75As;Y;126.66730844769614;
MainRuns;217;75As;Y;153.33427378354588;
MainRuns;218;75As;Y;143.33415511582268;
MainRuns;219;75As;Y;180.00129600933127;
MainRuns;220;75As;Y;126.66730844769614;
MainRuns;221;75As;Y;173.3345351194435;
MainRuns;222;75As;Y;130.00067600351522;
MainRuns;223;75As;Y;133.33404444823705;
MainRuns;224;75As;Y;146.66752711615911;
MainRuns;225;75As;Y;146.66752711615911;
MainRuns;226;75As;Y;120.00057600276482;
MainRuns;227;75As;Y;126.66730844769614;
MainRuns;228;75As;Y;130.00067600351522;
MainRuns;229;75As;Y;136.66741378186202;
MainRuns;230;75As;Y;116.66721111365187;
MainRuns;231;75As;Y;126.66730844769614;
MainRuns;232;75As;Y;133.33404444823705;
MainRuns;233;75As;Y;160.00102400655365;
MainRuns;234;75As;Y;153.33427378354588;
MainRuns;235;75As;Y;143.33415511582268;
MainRuns;236;75As;Y;150.0009000054;
MainRuns;237;75As;Y;166.66777778518525;
MainRuns;238;75As;Y;103.33376044620987;
MainRuns;239;75As;Y;96.667040445889725;
MainRuns;240;75As;Y;163.33440045141629;
MainRuns;241;75As;Y;146.66752711615911;
MainRuns;242;75As;Y;143.33415511582268;
MainRuns;243;75As;Y;136.66741378186202;
MainRuns;244;75As;Y;130.00067600351522;
MainRuns;245;75As;Y;113.33384711344026;
MainRuns;246;75As;Y;180.00129600933127;
MainRuns;247;75As;Y;156.66764845059697;
MainRuns;248;75As;Y;146.66752711615911;
MainRuns;249;75As;Y;130.00067600351522;
MainRuns;250;75As;Y;133.33404444823705;
MainRuns;251;75As;Y;153.33427378354588;
MainRuns;252;75As;Y;140.00078400439043;
MainRuns;253;75As;Y;110.00048400212961;
MainRuns;254;75As;Y;156.66764845059697;
MainRuns;255;75As;Y;130.00067600351522;
MainRuns;256;75As;Y;133.33404444823705;
MainRuns;257;75As;Y;120.00057600276482;
MainRuns;258;75As;Y;156.66764845059697;
MainRuns;259;75As;Y;143.33415511582268;
MainRuns;260;75As;Y;166.66777778518525;
MainRuns;261;75As;Y;136.66741378186202;
MainRuns;262;75As;Y;;
MainRuns;0;75As;Time;0.30194;
MainRuns;1;75As;Time;0.92209;
MainRuns;2;75As;Time;1.54227;
MainRuns;3;75As;Time;2.16242;
MainRuns;4;75As;Time;2.78267;
MainRuns;5;75As;Time;3.40283;
MainRuns;6;75As;Time;4.02295;
MainRuns;7;75As;Time;4.64319;
MainRuns;8;75As;Time;5.26336;
MainRuns;9;75As;Time;5.88353;
MainRuns;10;75As;Time;6.50377;
MainRuns;11;75As;Time;7.12397;
MainRuns;12;75As;Time;7.74412;
MainRuns;13;75As;Time;8.3643;
MainRuns;14;75As;Time;8.98452;
MainRuns;15;75As;Time;9.60467;
MainRuns;16;75As;Time;10.22485;
MainRuns;17;75As;Time;10.84498;
MainRuns;18;75As;Time;11.46517;
MainRuns;19;75As;Time;12.08532;
MainRuns;20;75As;Time;12.70549;
MainRuns;21;75As;Time;13.32566;
MainRuns;22;75As;Time;13.94586;
MainRuns;23;75As;Time;14.56605;
MainRuns;24;75As;Time;15.18626;
MainRuns;25;75As;Time;15.80641;
MainRuns;26;75As;Time;16.42664;
MainRuns;27;75As;Time;17.04681;
MainRuns;28;75As;Time;17.66696;
MainRuns;29;75As;Time;18.28714;
MainRuns;30;75As;Time;18.90727;
MainRuns;31;75As;Time;19.52748;
MainRuns;32;75As;Time;20.14764;
MainRuns;33;75As;Time;20.76781;
MainRuns;34;75As;Time;21.38798;
MainRuns;35;75As;Time;22.00818;
MainRuns;36;75As;Time;22.62838;
MainRuns;37;75As;Time;23.2485;
MainRuns;38;75As;Time;23.86867;
MainRuns;39;75As;Time;24.48884;
MainRuns;40;75As;Time;25.10903;
MainRuns;41;75As;Time;25.7292;
MainRuns;42;75As;Time;26.34935;
MainRuns;43;75As;Time;26.96957;
MainRuns;44;75As;Time;27.58972;
MainRuns;45;75As;Time;28.20989;
MainRuns;46;75As;Time;28.83001;
MainRuns;47;75As;Time;29.45024;
MainRuns;48;75As;Time;30.07041;
MainRuns;49;75As;Time;30.69057;
MainRuns;50;75As;Time;31.31074;
MainRuns;51;75As;Time;31.93088;
MainRuns;52;75As;Time;32.5511;
MainRuns;53;75As;Time;33.1713;
MainRuns;54;75As;Time;33.79142;
MainRuns;55;75As;Time;34.41159;
MainRuns;56;75As;Time;35.03179;
MainRuns;57;75As;Time;35.65199;
MainRuns;58;75As;Time;36.2722;
MainRuns;59;75As;Time;36.89235;
MainRuns;60;75As;Time;37.51254;
MainRuns;61;75As;Time;38.13265;
MainRuns;62;75As;Time;38.75282;
MainRuns;63;75As;Time;39.37299;
MainRuns;64;75As;Time;39.99322;
MainRuns;65;75As;Time;40.61342;
MainRuns;66;75As;Time;41.23357;
MainRuns;67;75As;Time;41.85376;
MainRuns;68;75As;Time;42.47388;
MainRuns;69;75As;Time;43.09406;
MainRuns;70;75As;Time;43.7143;
MainRuns;71;75As;Time;44.33446;
MainRuns;72;75As;Time;44.95465;
MainRuns;73;75As;Time;45.5748;
MainRuns;74;75As;Time;46.19494;
MainRuns;75;75As;Time;46.81516;
MainRuns;76;75As;Time;47.4353;
MainRuns;77;75As;Time;48.05553;
MainRuns;78;75As;Time;48.67569;
MainRuns;79;75As;Time;49.29588;
MainRuns;80;75As;Time;49.91604;
MainRuns;81;75As;Time;50.53618;
MainRuns;82;75As;Time;51.15629;
MainRuns;83;75As;Time;51.77647;
MainRuns;84;75As;Time;52.39658;
MainRuns;85;75As;Time;53.01674;
MainRuns;86;75As;Time;53.63691;
MainRuns;87;75As;Time;54.25707;
MainRuns;88;75As;Time;54.87725;
MainRuns;89;75As;Time;55.49742;
MainRuns;90;75As;Time;56.11762;
MainRuns;91;75As;Time;56.73778;
MainRuns;92;75As;Time;57.35803;
MainRuns;93;75As;Time;57.97817;
MainRuns;94;75As;Time;58.59837;
MainRuns;95;75As;Time;59.2186;
MainRuns;96;75As;Time;59.83881;
MainRuns;97;75As;Time;60.45901;
MainRuns;98;75As;Time;61.07921;
MainRuns;99;75As;Time;61.69941;
MainRuns;100;75As;Time;62.31956;
MainRuns;101;75As;Time;62.93975;
MainRuns;102;75As;Time;63.55986;
MainRuns;103;75As;Time;64.18004;
MainRuns;104;75As;Time;64.80028;
MainRuns;105;75As;Time;65.42043;
MainRuns;106;75As;Time;66.04063;
MainRuns;107;75As;Time;66.66079;
MainRuns;108;75As;Time;67.28098;
MainRuns;109;75As;Time;67.90114;
MainRuns;110;75As;Time;68.52127;
MainRuns;111;75As;Time;69.14142;
MainRuns;112;75As;Time;69.76159;
MainRuns;113;75As;Time;70.38174;
MainRuns;114;75As;Time;71.00193;
MainRuns;115;75As;Time;71.62203;
MainRuns;116;75As;Time;72.24217;
MainRuns;117;75As;Time;72.86234;
MainRuns;118;75As;Time;73.48246;
MainRuns;119;75As;Time;74.10263;
MainRuns;120;75As;Time;74.72279;
MainRuns;121;75As;Time;75.34296;
MainRuns;122;75As;Time;75.96311;
MainRuns;123;75As;Time;76.58331;
MainRuns;124;75As;Time;77.20341;
MainRuns;125;75As;Time;77.82353;
MainRuns;126;75As;Time;78.44376;
MainRuns;127;75As;Time;79.06393;
MainRuns;128;75As;Time;79.68409;
MainRuns;129;75As;Time;80.30425;
MainRuns;130;75As;Time;80.92439;
MainRuns;131;75As;Time;81.54459;
MainRuns;132;75As;Time;82.16476;
MainRuns;133;75As;Time;82.78495;
MainRuns;134;75As;Time;83.40517;
MainRuns;135;75As;Time;84.02542;
MainRuns;136;75As;Time;84.64557;
MainRuns;137;75As;Time;85.26574;
MainRuns;138;75As;Time;85.88587;
MainRuns;139;75As;Time;86.50606;
MainRuns;140;75As;Time;87.12628;
MainRuns;141;75As;Time;87.74643;
MainRuns;142;75As;Time;88.3666;
MainRuns;143;75As;Time;88.98675;
MainRuns;144;75As;Time;89.60695;
MainRuns;145;75As;Time;90.22705;
MainRuns;146;75As;Time;90.8472;
MainRuns;147;75As;Time;91.46736;
MainRuns;148;75As;Time;92.08748;
MainRuns;149;75As;Time;92.70764;
MainRuns;150;75As;Time;93.32779;
MainRuns;151;75As;Time;93.94801;
MainRuns;152;75As;Time;94.56817;
MainRuns;153;75As;Time;95.18833;
MainRuns;154;75As;Time;95.80847;
MainRuns;155;75As;Time;96.42864;
MainRuns;156;75As;Time;97.04876;
MainRuns;157;75As;Time;97.66892;
MainRuns;158;75As;Time;98.28906;
MainRuns;159;75As;Time;98.90927;
MainRuns;160;75As;Time;99.52938;
MainRuns;161;75As;Time;100.14958;
MainRuns;162;75As;Time;100.76974;
MainRuns;163;75As;Time;101.38991;
MainRuns;164;75As;Time;102.01012;
MainRuns;165;75As;Time;102.63036;
MainRuns;166;75As;Time;103.25051;
MainRuns;167;75As;Time;103.87068;
MainRuns;168;75As;Time;104.49085;
MainRuns;169;75As;Time;105.11099;
MainRuns;170;75As;Time;105.7311;
MainRuns;171;75As;Time;106.35127;
MainRuns;172;75As;Time;106.97139;
MainRuns;173;75As;Time;107.59163;
MainRuns;174;75As;Time;108.21179;
MainRuns;175;75As;Time;108.83197;
MainRuns;176;75As;Time;109.45214;
MainRuns;177;75As;Time;110.07228;
MainRuns;178;75As;Time;110.69249;
MainRuns;179;75As;Time;111.31273;
MainRuns;180;75As;Time;111.93288;
MainRuns;181;75As;Time;112.55308;
MainRuns;182;75As;Time;113.17324;
MainRuns;183;75As;Time;113.79343;
MainRuns;184;75As;Time;114.41364;
MainRuns;185;75As;Time;115.03379;
MainRuns;186;75As;Time;115.65398;
MainRuns;187;75As;Time;116.27419;
MainRuns;188;75As;Time;116.89436;
MainRuns;189;75As;Time;117.51458;
MainRuns;190;75As;Time;118.13476;
MainRuns;191;75As;Time;118.75492;
MainRuns;192;75As;Time;119.37509;
MainRuns;193;75As;Time;119.99521;
MainRuns;194;75As;Time;120.61536;
MainRuns;195;75As;Time;121.23553;
MainRuns;196;75As;Time;121.85576;
MainRuns;197;75As;Time;122.47598;
MainRuns;198;75As;Time;123.09622;
MainRuns;199;75As;Time;123.71637;
MainRuns;200;75As;Time;124.33655;
MainRuns;201;75As;Time;124.95666;
MainRuns;202;75As;Time;125.5769;
MainRuns;203;75As;Time;126.19708;
MainRuns;204;75As;Time;126.81731;
MainRuns;205;75As;Time;127.43745;
MainRuns;206;75As;Time;128.05765;
MainRuns;207;75As;Time;128.67779;
MainRuns;208;75As;Time;129.29798;
MainRuns;209;75As;Time;129.91821;
MainRuns;210;75As;Time;130.53836;
MainRuns;211;75As;Time;131.15856;
MainRuns;212;75As;Time;131.77869;
MainRuns;213;75As;Time;132.39885;
MainRuns;214;75As;Time;133.01898;
MainRuns;215;75As;Time;133.63921;
MainRuns;216;75As;Time;134.25939;
MainRuns;217;75As;Time;134.87955;
MainRuns;218;75As;Time;135.49979;
MainRuns;219;75As;Time;136.11999;
MainRuns;220;75As;Time;136.74009;
MainRuns;221;75As;Time;137.36021;
MainRuns;222;75As;Time;137.98044;
MainRuns;223;75As;Time;138.60061;
MainRuns;224;75As;Time;139.22077;
MainRuns;225;75As;Time;139.84102;
MainRuns;226;75As;Time;140.46121;
MainRuns;227;75As;Time;141.08131;
MainRuns;228;75As;Time;141.70155;
MainRuns;229;75As;Time;142.32172;
MainRuns;230;75As;Time;142.94191;
MainRuns;231;75As;Time;143.56213;
MainRuns;232;75As;Time;144.18232;
MainRuns;233;75As;Time;144.80247;
MainRuns;234;75As;Time;145.4227;
MainRuns;235;75As;Time;146.04287;
MainRuns;236;75As;Time;146.66303;
MainRuns;237;75As;Time;147.28327;
MainRuns;238;75As;Time;147.90346;
MainRuns;239;75As;Time;148.52361;
MainRuns;240;75As;Time;149.1438;
MainRuns;241;75As;Time;149.76398;
MainRuns;242;75As;Time;150.38413;
MainRuns;243;75As;Time;151.00437;
MainRuns;244;75As;Time;151.62458;
MainRuns;245;75As;Time;152.24473;
MainRuns;246;75As;Time;152.86492;
MainRuns;247;75As;Time;153.48514;
MainRuns;248;75As;Time;154.10529;
MainRuns;249;75As;Time;154.72554;
MainRuns;250;75As;Time;155.3457;
MainRuns;251;75As;Time;155.96587;
MainRuns;252;75As;Time;156.58605;
MainRuns;253;75As;Time;157.20621;
MainRuns;254;75As;Time;157.82637;
MainRuns;255;75As;Time;158.4466;
MainRuns;256;75As;Time;159.06675;
MainRuns;257;75As;Time;159.68692;
MainRuns;258;75As;Time;160.30706;
MainRuns;259;75As;Time;160.92729;
MainRuns;260;75As;Time;161.54747;
MainRuns;261;75As;Time;162.16761;
MainRuns;262;75As;Time;;
MainRuns;0;77Se;Y;50.0001000002;
MainRuns;1;77Se;Y;20.0000160000128;
MainRuns;2;77Se;Y;46.666753777940393;
MainRuns;3;77Se;Y;23.333355111131439;
MainRuns;4;77Se;Y;40.000064000102405;
MainRuns;5;77Se;Y;26.666695111141454;
MainRuns;6;77Se;Y;43.333408444574637;
MainRuns;7;77Se;Y;16.666677777785186;
MainRuns;8;77Se;Y;30.000036000043202;
MainRuns;9;77Se;Y;23.333355111131439;
MainRuns;10;77Se;Y;23.333355111131439;
MainRuns;11;77Se;Y;30.000036000043202;
MainRuns;12;77Se;Y;20.0000160000128;
MainRuns;13;77Se;Y;20.0000160000128;
MainRuns;14;77Se;Y;16.666677777785186;
MainRuns;15;77Se;Y;20.0000160000128;
MainRuns;16;77Se;Y;23.333355111131439;
MainRuns;17;77Se;Y;20.0000160000128;
MainRuns;18;77Se;Y;33.333377777837036;
MainRuns;19;77Se;Y;23.333355111131439;
MainRuns;20;77Se;Y;20.0000160000128;
MainRuns;21;77Se;Y;10.0000040000016;
MainRuns;22;77Se;Y;33.333377777837036;
MainRuns;23;77Se;Y;30.000036000043202;
MainRuns;24;77Se;Y;30.000036000043202;
MainRuns;25;77Se;Y;10.0000040000016;
MainRuns;26;77Se;Y;23.333355111131439;
MainRuns;27;77Se;Y;13.333340444448238;
MainRuns;28;77Se;Y;10.0000040000016;
MainRuns;29;77Se;Y;20.0000160000128;
MainRuns;30;77Se;Y;26.666695111141454;
MainRuns;31;77Se;Y;10.0000040000016;
MainRuns;32;77Se;Y;13.333340444448238;
MainRuns;33;77Se;Y;13.333340444448238;
MainRuns;34;77Se;Y;23.333355111131439;
MainRuns;35;77Se;Y;16.666677777785186;
MainRuns;36;77Se;Y;30.000036000043202;
MainRuns;37;77Se;Y;16.666677777785186;
MainRuns;38;77Se;Y;33.333377777837036;
MainRuns;39;77Se;Y;13.333340444448238;
MainRuns;40;77Se;Y;30.000036000043202;
MainRuns;41;77Se;Y;26.666695111141454;
MainRuns;42;77Se;Y;20.0000160000128;
MainRuns;43;77Se;Y;30.000036000043202;
MainRuns;44;77Se;Y;30.000036000043202;
MainRuns;45;77Se;Y;16.666677777785186;
MainRuns;46;77Se;Y;30.000036000043202;
MainRuns;47;77Se;Y;23.333355111131439;
MainRuns;48;77Se;Y;23.333355111131439;
MainRuns;49;77Se;Y;30.000036000043202;
MainRuns;50;77Se;Y;40.000064000102405;
MainRuns;51;77Se;Y;20.0000160000128;
MainRuns;52;77Se;Y;13.333340444448238;
MainRuns;53;77Se;Y;40.000064000102405;
MainRuns;54;77Se;Y;26.666695111141454;
MainRuns;55;77Se;Y;26.666695111141454;
MainRuns;56;77Se;Y;20.0000160000128;
MainRuns;57;77Se;Y;30.000036000043202;
MainRuns;58;77Se;Y;10.0000040000016;
MainRuns;59;77Se;Y;23.333355111131439;
MainRuns;60;77Se;Y;23.333355111131439;
MainRuns;61;77Se;Y;20.0000160000128;
MainRuns;62;77Se;Y;20.0000160000128;
MainRuns;63;77Se;Y;23.333355111131439;
MainRuns;64;77Se;Y;26.666695111141454;
MainRuns;65;77Se;Y;16.666677777785186;
MainRuns;66;77Se;Y;13.333340444448238;
MainRuns;67;77Se;Y;26.666695111141454;
MainRuns;68;77Se;Y;16.666677777785186;
MainRuns;69;77Se;Y;16.666677777785186;
MainRuns;70;77Se;Y;56.666795111402259;
MainRuns;71;77Se;Y;33.333377777837036;
MainRuns;72;77Se;Y;20.0000160000128;
MainRuns;73;77Se;Y;26.666695111141454;
MainRuns;74;77Se;Y;30.000036000043202;
MainRuns;75;77Se;Y;13.333340444448238;
MainRuns;76;77Se;Y;30.000036000043202;
MainRuns;77;77Se;Y;23.333355111131439;
MainRuns;78;77Se;Y;20.0000160000128;
MainRuns;79;77Se;Y;10.0000040000016;
MainRuns;80;77Se;Y;46.666753777940393;
MainRuns;81;77Se;Y;23.333355111131439;
MainRuns;82;77Se;Y;30.000036000043202;
MainRuns;83;77Se;Y;16.666677777785186;
MainRuns;84;77Se;Y;13.333340444448238;
MainRuns;85;77Se;Y;36.666720444523321;
MainRuns;86;77Se;Y;33.333377777837036;
MainRuns;87;77Se;Y;13.333340444448238;
MainRuns;88;77Se;Y;23.333355111131439;
MainRuns;89;77Se;Y;6.6666684444449187;
MainRuns;90;77Se;Y;26.666695111141454;
MainRuns;91;77Se;Y;16.666677777785186;
MainRuns;92;77Se;Y;20.0000160000128;
MainRuns;93;77Se;Y;33.333377777837036;
MainRuns;94;77Se;Y;26.666695111141454;
MainRuns;95;77Se;Y;30.000036000043202;
MainRuns;96;77Se;Y;20.0000160000128;
MainRuns;97;77Se;Y;33.333377777837036;
MainRuns;98;77Se;Y;23.333355111131439;
MainRuns;99;77Se;Y;26.666695111141454;
MainRuns;100;77Se;Y;26.666695111141454;
MainRuns;101;77Se;Y;30.000036000043202;
MainRuns;102;77Se;Y;16.666677777785186;
MainRuns;103;77Se;Y;33.333377777837036;
MainRuns;104;77Se;Y;16.666677777785186;
MainRuns;105;77Se;Y;10.0000040000016;
MainRuns;106;77Se;Y;13.333340444448238;
MainRuns;107;77Se;Y;23.333355111131439;
MainRuns;108;77Se;Y;50.0001000002;
MainRuns;109;77Se;Y;30.000036000043202;
MainRuns;110;77Se;Y;20.0000160000128;
MainRuns;111;77Se;Y;20.0000160000128;
MainRuns;112;77Se;Y;13.333340444448238;
MainRuns;113;77Se;Y;16.666677777785186;
MainRuns;114;77Se;Y;30.000036000043202;
MainRuns;115;77Se;Y;16.666677777785186;
MainRuns;116;77Se;Y;0;
MainRuns;117;77Se;Y;10.0000040000016;
MainRuns;118;77Se;Y;23.333355111131439;
MainRuns;119;77Se;Y;36.666720444523321;
MainRuns;120;77Se;Y;20.0000160000128;
MainRuns;121;77Se;Y;13.333340444448238;
MainRuns;122;77Se;Y;26.666695111141454;
MainRuns;123;77Se;Y;16.666677777785186;
MainRuns;124;77Se;Y;13.333340444448238;
MainRuns;125;77Se;Y;13.333340444448238;
MainRuns;126;77Se;Y;13.333340444448238;
MainRuns;127;77Se;Y;20.0000160000128;
MainRuns;128;77Se;Y;20.0000160000128;
MainRuns;129;77Se;Y;30.000036000043202;
MainRuns;130;77Se;Y;40.000064000102405;
MainRuns;131;77Se;Y;20.0000160000128;
MainRuns;132;77Se;Y;23.333355111131439;
MainRuns;133;77Se;Y;23.333355111131439;
MainRuns;134;77Se;Y;40.000064000102405;
MainRuns;135;77Se;Y;20.0000160000128;
MainRuns;136;77Se;Y;26.666695111141454;
MainRuns;137;77Se;Y;20.0000160000128;
MainRuns;138;77Se;Y;23.333355111131439;
MainRuns;139;77Se;Y;26.666695111141454;
MainRuns;140;77Se;Y;10.0000040000016;
MainRuns;141;77Se;Y;16.666677777785186;
MainRuns;142;77Se;Y;36.666720444523321;
MainRuns;143;77Se;Y;30.000036000043202;
MainRuns;144;77Se;Y;20.0000160000128;
MainRuns;145;77Se;Y;23.333355111131439;
MainRuns;146;77Se;Y;16.666677777785186;
MainRuns;147;77Se;Y;23.333355111131439;
MainRuns;148;77Se;Y;23.333355111131439;
MainRuns;149;77Se;Y;40.000064000102405;
MainRuns;150;77Se;Y;26.666695111141454;
MainRuns;151;77Se;Y;33.333377777837036;
MainRuns;152;77Se;Y;33.333377777837036;
MainRuns;153;77Se;Y;23.333355111131439;
MainRuns;154;77Se;Y;10.0000040000016;
MainRuns;155;77Se;Y;23.333355111131439;
MainRuns;156;77Se;Y;26.666695111141454;
MainRuns;157;77Se;Y;23.333355111131439;
MainRuns;158;77Se;Y;16.666677777785186;
MainRuns;159;77Se;Y;30.000036000043202;
MainRuns;160;77Se;Y;26.666695111141454;
MainRuns;161;77Se;Y;16.666677777785186;
MainRuns;162;77Se;Y;20.0000160000128;
MainRuns;163;77Se;Y;33.333377777837036;
MainRuns;164;77Se;Y;33.333377777837036;
MainRuns;165;77Se;Y;26.666695111141454;
MainRuns;166;77Se;Y;13.333340444448238;
MainRuns;167;77Se;Y;6.6666684444449187;
MainRuns;168;77Se;Y;16.666677777785186;
MainRuns;169;77Se;Y;10.0000040000016;
MainRuns;170;77Se;Y;16.666677777785186;
MainRuns;171;77Se;Y;20.0000160000128;
MainRuns;172;77Se;Y;20.0000160000128;
MainRuns;173;77Se;Y;16.666677777785186;
MainRuns;174;77Se;Y;6.6666684444449187;
MainRuns;175;77Se;Y;20.0000160000128;
MainRuns;176;77Se;Y;26.666695111141454;
MainRuns;177;77Se;Y;30.000036000043202;
MainRuns;178;77Se;Y;46.666753777940393;
MainRuns;179;77Se;Y;40.000064000102405;
MainRuns;180;77Se;Y;10.0000040000016;
MainRuns;181;77Se;Y;16.666677777785186;
MainRuns;182;77Se;Y;13.333340444448238;
MainRuns;183;77Se;Y;23.333355111131439;
MainRuns;184;77Se;Y;53.333447111353841;
MainRuns;185;77Se;Y;30.000036000043202;
MainRuns;186;77Se;Y;16.666677777785186;
MainRuns;187;77Se;Y;30.000036000043202;
MainRuns;188;77Se;Y;10.0000040000016;
MainRuns;189;77Se;Y;16.666677777785186;
MainRuns;190;77Se;Y;26.666695111141454;
MainRuns;191;77Se;Y;33.333377777837036;
MainRuns;192;77Se;Y;20.0000160000128;
MainRuns;193;77Se;Y;36.666720444523321;
MainRuns;194;77Se;Y;16.666677777785186;
MainRuns;195;77Se;Y;20.0000160000128;
MainRuns;196;77Se;Y;16.666677777785186;
MainRuns;197;77Se;Y;20.0000160000128;
MainRuns;198;77Se;Y;20.0000160000128;
MainRuns;199;77Se;Y;23.333355111131439;
MainRuns;200;77Se;Y;23.333355111131439;
MainRuns;201;77Se;Y;16.666677777785186;
MainRuns;202;77Se;Y;26.666695111141454;
MainRuns;203;77Se;Y;13.333340444448238;
MainRuns;204;77Se;Y;26.666695111141454;
MainRuns;205;77Se;Y;33.333377777837036;
MainRuns;206;77Se;Y;36.666720444523321;
MainRuns;207;77Se;Y;26.666695111141454;
MainRuns;208;77Se;Y;56.666795111402259;
MainRuns;209;77Se;Y;26.666695111141454;
MainRuns;210;77Se;Y;33.333377777837036;
MainRuns;211;77Se;Y;6.6666684444449187;
MainRuns;212;77Se;Y;33.333377777837036;
MainRuns;213;77Se;Y;33.333377777837036;
MainRuns;214;77Se;Y;33.333377777837036;
MainRuns;215;77Se;Y;10.0000040000016;
MainRuns;216;77Se;Y;6.6666684444449187;
MainRuns;217;77Se;Y;23.333355111131439;
MainRuns;218;77Se;Y;30.000036000043202;
MainRuns;219;77Se;Y;16.666677777785186;
MainRuns;220;77Se;Y;13.333340444448238;
MainRuns;221;77Se;Y;13.333340444448238;
MainRuns;222;77Se;Y;3.3333337777778373;
MainRuns;223;77Se;Y;20.0000160000128;
MainRuns;224;77Se;Y;20.0000160000128;
MainRuns;225;77Se;Y;16.666677777785186;
MainRuns;226;77Se;Y;46.666753777940393;
MainRuns;227;77Se;Y;13.333340444448238;
MainRuns;228;77Se;Y;23.333355111131439;
MainRuns;229;77Se;Y;20.0000160000128;
MainRuns;230;77Se;Y;36.666720444523321;
MainRuns;231;77Se;Y;23.333355111131439;
MainRuns;232;77Se;Y;13.333340444448238;
MainRuns;233;77Se;Y;30.000036000043202;
MainRuns;234;77Se;Y;26.666695111141454;
MainRuns;235;77Se;Y;20.0000160000128;
MainRuns;236;77Se;Y;16.666677777785186;
MainRuns;237;77Se;Y;20.0000160000128;
MainRuns;238;77Se;Y;16.666677777785186;
MainRuns;239;77Se;Y;33.333377777837036;
MainRuns;240;77Se;Y;6.6666684444449187;
MainRuns;241;77Se;Y;16.666677777785186;
MainRuns;242;77Se;Y;20.0000160000128;
MainRuns;243;77Se;Y;20.0000160000128;
MainRuns;244;77Se;Y;10.0000040000016;
MainRuns;245;77Se;Y;20.0000160000128;
MainRuns;246;77Se;Y;13.333340444448238;
MainRuns;247;77Se;Y;13.333340444448238;
MainRuns;248;77Se;Y;20.0000160000128;
MainRuns;249;77Se;Y;16.666677777785186;
MainRuns;250;77Se;Y;10.0000040000016;
MainRuns;251;77Se;Y;16.666677777785186;
MainRuns;252;77Se;Y;40.000064000102405;
MainRuns;253;77Se;Y;36.666720444523321;
MainRuns;254;77Se;Y;13.333340444448238;
MainRuns;255;77Se;Y;50.0001000002;
MainRuns;256;77Se;Y;33.333377777837036;
MainRuns;257;77Se;Y;10.0000040000016;
MainRuns;258;77Se;Y;6.6666684444449187;
MainRuns;259;77Se;Y;30.000036000043202;
MainRuns;260;77Se;Y;16.666677777785186;
MainRuns;261;77Se;Y;26.666695111141454;
MainRuns;262;77Se;Y;;
MainRuns;0;77Se;Time;0.60329;
MainRuns;1;77Se;Time;1.22345;
MainRuns;2;77Se;Time;1.8436;
MainRuns;3;77Se;Time;2.46382;
MainRuns;4;77Se;Time;3.08402;
MainRuns;5;77Se;Time;3.70417;
MainRuns;6;77Se;Time;4.32432;
MainRuns;7;77Se;Time;4.94453;
MainRuns;8;77Se;Time;5.56471;
MainRuns;9;77Se;Time;6.18494;
MainRuns;10;77Se;Time;6.80514;
MainRuns;11;77Se;Time;7.42529;
MainRuns;12;77Se;Time;8.04548;
MainRuns;13;77Se;Time;8.66563;
MainRuns;14;77Se;Time;9.28585;
MainRuns;15;77Se;Time;9.90598;
MainRuns;16;77Se;Time;10.52619;
MainRuns;17;77Se;Time;11.14634;
MainRuns;18;77Se;Time;11.76649;
MainRuns;19;77Se;Time;12.38666;
MainRuns;20;77Se;Time;13.00682;
MainRuns;21;77Se;Time;13.627;
MainRuns;22;77Se;Time;14.24723;
MainRuns;23;77Se;Time;14.86743;
MainRuns;24;77Se;Time;15.48758;
MainRuns;25;77Se;Time;16.10778;
MainRuns;26;77Se;Time;16.728;
MainRuns;27;77Se;Time;17.34815;
MainRuns;28;77Se;Time;17.96827;
MainRuns;29;77Se;Time;18.58845;
MainRuns;30;77Se;Time;19.20864;
MainRuns;31;77Se;Time;19.8288;
MainRuns;32;77Se;Time;20.449;
MainRuns;33;77Se;Time;21.06914;
MainRuns;34;77Se;Time;21.68932;
MainRuns;35;77Se;Time;22.30955;
MainRuns;36;77Se;Time;22.92972;
MainRuns;37;77Se;Time;23.54987;
MainRuns;38;77Se;Time;24.17002;
MainRuns;39;77Se;Time;24.79019;
MainRuns;40;77Se;Time;25.41036;
MainRuns;41;77Se;Time;26.03053;
MainRuns;42;77Se;Time;26.65066;
MainRuns;43;77Se;Time;27.27089;
MainRuns;44;77Se;Time;27.89106;
MainRuns;45;77Se;Time;28.51123;
MainRuns;46;77Se;Time;29.13138;
MainRuns;47;77Se;Time;29.7516;
MainRuns;48;77Se;Time;30.37175;
MainRuns;49;77Se;Time;30.99188;
MainRuns;50;77Se;Time;31.61205;
MainRuns;51;77Se;Time;32.23225;
MainRuns;52;77Se;Time;32.85247;
MainRuns;53;77Se;Time;33.47262;
MainRuns;54;77Se;Time;34.09275;
MainRuns;55;77Se;Time;34.71293;
MainRuns;56;77Se;Time;35.33316;
MainRuns;57;77Se;Time;35.95334;
MainRuns;58;77Se;Time;36.57352;
MainRuns;59;77Se;Time;37.19371;
MainRuns;60;77Se;Time;37.81386;
MainRuns;61;77Se;Time;38.43398;
MainRuns;62;77Se;Time;39.05417;
MainRuns;63;77Se;Time;39.6744;
MainRuns;64;77Se;Time;40.29459;
MainRuns;65;77Se;Time;40.91474;
MainRuns;66;77Se;Time;41.53494;
MainRuns;67;77Se;Time;42.15509;
MainRuns;68;77Se;Time;42.77525;
MainRuns;69;77Se;Time;43.3954;
MainRuns;70;77Se;Time;44.01563;
MainRuns;71;77Se;Time;44.63582;
MainRuns;72;77Se;Time;45.25597;
MainRuns;73;77Se;Time;45.87614;
MainRuns;74;77Se;Time;46.49627;
MainRuns;75;77Se;Time;47.1165;
MainRuns;76;77Se;Time;47.73663;
MainRuns;77;77Se;Time;48.35686;
MainRuns;78;77Se;Time;48.97706;
MainRuns;79;77Se;Time;49.59721;
MainRuns;80;77Se;Time;50.21737;
MainRuns;81;77Se;Time;50.8375;
MainRuns;82;77Se;Time;51.45763;
MainRuns;83;77Se;Time;52.0778;
MainRuns;84;77Se;Time;52.69792;
MainRuns;85;77Se;Time;53.31811;
MainRuns;86;77Se;Time;53.93824;
MainRuns;87;77Se;Time;54.55844;
MainRuns;88;77Se;Time;55.17859;
MainRuns;89;77Se;Time;55.79877;
MainRuns;90;77Se;Time;56.41893;
MainRuns;91;77Se;Time;57.03912;
MainRuns;92;77Se;Time;57.65935;
MainRuns;93;77Se;Time;58.27954;
MainRuns;94;77Se;Time;58.8997;
MainRuns;95;77Se;Time;59.51992;
MainRuns;96;77Se;Time;60.14014;
MainRuns;97;77Se;Time;60.76038;
MainRuns;98;77Se;Time;61.38058;
MainRuns;99;77Se;Time;62.00072;
MainRuns;100;77Se;Time;62.62092;
MainRuns;101;77Se;Time;63.24107;
MainRuns;102;77Se;Time;63.86121;
MainRuns;103;77Se;Time;64.48137;
MainRuns;104;77Se;Time;65.10161;
MainRuns;105;77Se;Time;65.7218;
MainRuns;106;77Se;Time;66.34195;
MainRuns;107;77Se;Time;66.96216;
MainRuns;108;77Se;Time;67.58231;
MainRuns;109;77Se;Time;68.20248;
MainRuns;110;77Se;Time;68.82261;
MainRuns;111;77Se;Time;69.44273;
MainRuns;112;77Se;Time;70.06291;
MainRuns;113;77Se;Time;70.6831;
MainRuns;114;77Se;Time;71.30326;
MainRuns;115;77Se;Time;71.92338;
MainRuns;116;77Se;Time;72.54352;
MainRuns;117;77Se;Time;73.16366;
MainRuns;118;77Se;Time;73.78382;
MainRuns;119;77Se;Time;74.40397;
MainRuns;120;77Se;Time;75.0241;
MainRuns;121;77Se;Time;75.64429;
MainRuns;122;77Se;Time;76.26449;
MainRuns;123;77Se;Time;76.88463;
MainRuns;124;77Se;Time;77.50475;
MainRuns;125;77Se;Time;78.1249;
MainRuns;126;77Se;Time;78.74512;
MainRuns;127;77Se;Time;79.36527;
MainRuns;128;77Se;Time;79.9854;
MainRuns;129;77Se;Time;80.60557;
MainRuns;130;77Se;Time;81.22577;
MainRuns;131;77Se;Time;81.84592;
MainRuns;132;77Se;Time;82.46613;
MainRuns;133;77Se;Time;83.08628;
MainRuns;134;77Se;Time;83.70651;
MainRuns;135;77Se;Time;84.32674;
MainRuns;136;77Se;Time;84.94694;
MainRuns;137;77Se;Time;85.56708;
MainRuns;138;77Se;Time;86.18723;
MainRuns;139;77Se;Time;86.80739;
MainRuns;140;77Se;Time;87.42762;
MainRuns;141;77Se;Time;88.04774;
MainRuns;142;77Se;Time;88.66792;
MainRuns;143;77Se;Time;89.28812;
MainRuns;144;77Se;Time;89.90827;
MainRuns;145;77Se;Time;90.52839;
MainRuns;146;77Se;Time;91.14854;
MainRuns;147;77Se;Time;91.76868;
MainRuns;148;77Se;Time;92.38884;
MainRuns;149;77Se;Time;93.00898;
MainRuns;150;77Se;Time;93.6291;
MainRuns;151;77Se;Time;94.24933;
MainRuns;152;77Se;Time;94.86951;
MainRuns;153;77Se;Time;95.48967;
MainRuns;154;77Se;Time;96.10982;
MainRuns;155;77Se;Time;96.72997;
MainRuns;156;77Se;Time;97.35011;
MainRuns;157;77Se;Time;97.97024;
MainRuns;158;77Se;Time;98.59037;
MainRuns;159;77Se;Time;99.2106;
MainRuns;160;77Se;Time;99.83075;
MainRuns;161;77Se;Time;100.4509;
MainRuns;162;77Se;Time;101.0711;
MainRuns;163;77Se;Time;101.69124;
MainRuns;164;77Se;Time;102.31146;
MainRuns;165;77Se;Time;102.93168;
MainRuns;166;77Se;Time;103.55188;
MainRuns;167;77Se;Time;104.17202;
MainRuns;168;77Se;Time;104.79219;
MainRuns;169;77Se;Time;105.41231;
MainRuns;170;77Se;Time;106.03243;
MainRuns;171;77Se;Time;106.6526;
MainRuns;172;77Se;Time;107.27272;
MainRuns;173;77Se;Time;107.89296;
MainRuns;174;77Se;Time;108.51316;
MainRuns;175;77Se;Time;109.13331;
MainRuns;176;77Se;Time;109.75348;
MainRuns;177;77Se;Time;110.3736;
MainRuns;178;77Se;Time;110.99382;
MainRuns;179;77Se;Time;111.61406;
MainRuns;180;77Se;Time;112.23425;
MainRuns;181;77Se;Time;112.8544;
MainRuns;182;77Se;Time;113.47461;
MainRuns;183;77Se;Time;114.09475;
MainRuns;184;77Se;Time;114.71498;
MainRuns;185;77Se;Time;115.33515;
MainRuns;186;77Se;Time;115.95533;
MainRuns;187;77Se;Time;116.57552;
MainRuns;188;77Se;Time;117.19571;
MainRuns;189;77Se;Time;117.81594;
MainRuns;190;77Se;Time;118.4361;
MainRuns;191;77Se;Time;119.05624;
MainRuns;192;77Se;Time;119.6764;
MainRuns;193;77Se;Time;120.29653;
MainRuns;194;77Se;Time;120.91673;
MainRuns;195;77Se;Time;121.53687;
MainRuns;196;77Se;Time;122.1571;
MainRuns;197;77Se;Time;122.77732;
MainRuns;198;77Se;Time;123.39754;
MainRuns;199;77Se;Time;124.01775;
MainRuns;200;77Se;Time;124.63788;
MainRuns;201;77Se;Time;125.25804;
MainRuns;202;77Se;Time;125.87826;
MainRuns;203;77Se;Time;126.49839;
MainRuns;204;77Se;Time;127.11862;
MainRuns;205;77Se;Time;127.73882;
MainRuns;206;77Se;Time;128.35896;
MainRuns;207;77Se;Time;128.97916;
MainRuns;208;77Se;Time;129.59931;
MainRuns;209;77Se;Time;130.21953;
MainRuns;210;77Se;Time;130.83972;
MainRuns;211;77Se;Time;131.45989;
MainRuns;212;77Se;Time;132.08004;
MainRuns;213;77Se;Time;132.70019;
MainRuns;214;77Se;Time;133.32034;
MainRuns;215;77Se;Time;133.94054;
MainRuns;216;77Se;Time;134.56072;
MainRuns;217;77Se;Time;135.18095;
MainRuns;218;77Se;Time;135.80115;
MainRuns;219;77Se;Time;136.4213;
MainRuns;220;77Se;Time;137.04142;
MainRuns;221;77Se;Time;137.66157;
MainRuns;222;77Se;Time;138.28179;
MainRuns;223;77Se;Time;138.90194;
MainRuns;224;77Se;Time;139.52218;
MainRuns;225;77Se;Time;140.14238;
MainRuns;226;77Se;Time;140.76253;
MainRuns;227;77Se;Time;141.38268;
MainRuns;228;77Se;Time;142.00288;
MainRuns;229;77Se;Time;142.62305;
MainRuns;230;77Se;Time;143.24329;
MainRuns;231;77Se;Time;143.86348;
MainRuns;232;77Se;Time;144.48363;
MainRuns;233;77Se;Time;145.10384;
MainRuns;234;77Se;Time;145.72406;
MainRuns;235;77Se;Time;146.34421;
MainRuns;236;77Se;Time;146.96444;
MainRuns;237;77Se;Time;147.58463;
MainRuns;238;77Se;Time;148.20478;
MainRuns;239;77Se;Time;148.82496;
MainRuns;240;77Se;Time;149.44513;
MainRuns;241;77Se;Time;150.06532;
MainRuns;242;77Se;Time;150.68544;
MainRuns;243;77Se;Time;151.30574;
MainRuns;244;77Se;Time;151.92589;
MainRuns;245;77Se;Time;152.5461;
MainRuns;246;77Se;Time;153.16625;
MainRuns;247;77Se;Time;153.78648;
MainRuns;248;77Se;Time;154.4067;
MainRuns;249;77Se;Time;155.0269;
MainRuns;250;77Se;Time;155.64704;
MainRuns;251;77Se;Time;156.26722;
MainRuns;252;77Se;Time;156.88741;
MainRuns;253;77Se;Time;157.50755;
MainRuns;254;77Se;Time;158.12769;
MainRuns;255;77Se;Time;158.74792;
MainRuns;256;77Se;Time;159.3681;
MainRuns;257;77Se;Time;159.98827;
MainRuns;258;77Se;Time;160.60843;
MainRuns;259;77Se;Time;161.22865;
MainRuns;260;77Se;Time;161.8488;
MainRuns;261;77Se;Time;162.46892;
MainRuns;262;77Se;Time;;
MainRuns;0;78Se;Y;3200.4096524355118;
MainRuns;1;78Se;Y;2400.2304221205236;
MainRuns;2;78Se;Y;3200.4096524355118;
MainRuns;3;78Se;Y;2600.2704281245251;
MainRuns;4;78Se;Y;2000.1600128010241;
MainRuns;5;78Se;Y;1600.1024065540194;
MainRuns;6;78Se;Y;2200.1936170382992;
MainRuns;7;78Se;Y;1000.040001600064;
MainRuns;8;78Se;Y;1800.1296093318717;
MainRuns;9;78Se;Y;1400.0784043906458;
MainRuns;10;78Se;Y;2200.1936170382992;
MainRuns;11;78Se;Y;1800.1296093318717;
MainRuns;12;78Se;Y;2400.2304221205236;
MainRuns;13;78Se;Y;1600.1024065540194;
MainRuns;14;78Se;Y;1600.1024065540194;
MainRuns;15;78Se;Y;2800.3136351271341;
MainRuns;16;78Se;Y;2200.1936170382992;
MainRuns;17;78Se;Y;1400.0784043906458;
MainRuns;18;78Se;Y;2400.2304221205236;
MainRuns;19;78Se;Y;2400.2304221205236;
MainRuns;20;78Se;Y;2200.1936170382992;
MainRuns;21;78Se;Y;800.02560081922627;
MainRuns;22;78Se;Y;3600.5184746603513;
MainRuns;23;78Se;Y;1400.0784043906458;
MainRuns;24;78Se;Y;2600.2704281245251;
MainRuns;25;78Se;Y;2200.1936170382992;
MainRuns;26;78Se;Y;2600.2704281245251;
MainRuns;27;78Se;Y;2200.1936170382992;
MainRuns;28;78Se;Y;3400.4624628949537;
MainRuns;29;78Se;Y;1600.1024065540194;
MainRuns;30;78Se;Y;2400.2304221205236;
MainRuns;31;78Se;Y;1400.0784043906458;
MainRuns;32;78Se;Y;3400.4624628949537;
MainRuns;33;78Se;Y;1200.0576027649329;
MainRuns;34;78Se;Y;2200.1936170382992;
MainRuns;35;78Se;Y;2800.3136351271341;
MainRuns;36;78Se;Y;3200.4096524355118;
MainRuns;37;78Se;Y;2000.1600128010241;
MainRuns;38;78Se;Y;1400.0784043906458;
MainRuns;39;78Se;Y;3200.4096524355118;
MainRuns;40;78Se;Y;1400.0784043906458;
MainRuns;41;78Se;Y;3200.4096524355118;
MainRuns;42;78Se;Y;2400.2304221205236;
MainRuns;43;78Se;Y;1800.1296093318717;
MainRuns;44;78Se;Y;1800.1296093318717;
MainRuns;45;78Se;Y;3400.4624628949537;
MainRuns;46;78Se;Y;3400.4624628949537;
MainRuns;47;78Se;Y;2200.1936170382992;
MainRuns;48;78Se;Y;2800.3136351271341;
MainRuns;49;78Se;Y;1400.0784043906458;
MainRuns;50;78Se;Y;2600.2704281245251;
MainRuns;51;78Se;Y;2200.1936170382992;
MainRuns;52;78Se;Y;2800.3136351271341;
MainRuns;53;78Se;Y;3600.5184746603513;
MainRuns;54;78Se;Y;3400.4624628949537;
MainRuns;55;78Se;Y;3600.5184746603513;
MainRuns;56;78Se;Y;2600.2704281245251;
MainRuns;57;78Se;Y;1600.1024065540194;
MainRuns;58;78Se;Y;2200.1936170382992;
MainRuns;59;78Se;Y;2200.1936170382992;
MainRuns;60;78Se;Y;1600.1024065540194;
MainRuns;61;78Se;Y;1600.1024065540194;
MainRuns;62;78Se;Y;3200.4096524355118;
MainRuns;63;78Se;Y;2000.1600128010241;
MainRuns;64;78Se;Y;2200.1936170382992;
MainRuns;65;78Se;Y;2200.1936170382992;
MainRuns;66;78Se;Y;1400.0784043906458;
MainRuns;67;78Se;Y;1600.1024065540194;
MainRuns;68;78Se;Y;2000.1600128010241;
MainRuns;69;78Se;Y;1600.1024065540194;
MainRuns;70;78Se;Y;2600.2704281245251;
MainRuns;71;78Se;Y;2200.1936170382992;
MainRuns;72;78Se;Y;1600.1024065540194;
MainRuns;73;78Se;Y;1400.0784043906458;
MainRuns;74;78Se;Y;2600.2704281245251;
MainRuns;75;78Se;Y;1800.1296093318717;
MainRuns;76;78Se;Y;3200.4096524355118;
MainRuns;77;78Se;Y;2800.3136351271341;
MainRuns;78;78Se;Y;2200.1936170382992;
MainRuns;79;78Se;Y;1800.1296093318717;
MainRuns;80;78Se;Y;2000.1600128010241;
MainRuns;81;78Se;Y;1400.0784043906458;
MainRuns;82;78Se;Y;1800.1296093318717;
MainRuns;83;78Se;Y;2400.2304221205236;
MainRuns;84;78Se;Y;1800.1296093318717;
MainRuns;85;78Se;Y;2400.2304221205236;
MainRuns;86;78Se;Y;3000.3600432051849;
MainRuns;87;78Se;Y;1600.1024065540194;
MainRuns;88;78Se;Y;1800.1296093318717;
MainRuns;89;78Se;Y;2000.1600128010241;
MainRuns;90;78Se;Y;3200.4096524355118;
MainRuns;91;78Se;Y;1600.1024065540194;
MainRuns;92;78Se;Y;1400.0784043906458;
MainRuns;93;78Se;Y;2800.3136351271341;
MainRuns;94;78Se;Y;1200.0576027649329;
MainRuns;95;78Se;Y;1400.0784043906458;
MainRuns;96;78Se;Y;2400.2304221205236;
MainRuns;97;78Se;Y;2200.1936170382992;
MainRuns;98;78Se;Y;1000.040001600064;
MainRuns;99;78Se;Y;2400.2304221205236;
MainRuns;100;78Se;Y;1600.1024065540194;
MainRuns;101;78Se;Y;3000.3600432051849;
MainRuns;102;78Se;Y;2800.3136351271341;
MainRuns;103;78Se;Y;1600.1024065540194;
MainRuns;104;78Se;Y;2400.2304221205236;
MainRuns;105;78Se;Y;1800.1296093318717;
MainRuns;106;78Se;Y;1400.0784043906458;
MainRuns;107;78Se;Y;1600.1024065540194;
MainRuns;108;78Se;Y;1800.1296093318717;
MainRuns;109;78Se;Y;2600.2704281245251;
MainRuns;110;78Se;Y;2400.2304221205236;
MainRuns;111;78Se;Y;1600.1024065540194;
MainRuns;112;78Se;Y;2600.2704281245251;
MainRuns;113;78Se;Y;1400.0784043906458;
MainRuns;114;78Se;Y;2000.1600128010241;
MainRuns;115;78Se;Y;2200.1936170382992;
MainRuns;116;78Se;Y;4200.7057185607182;
MainRuns;117;78Se;Y;1600.1024065540194;
MainRuns;118;78Se;Y;3000.3600432051849;
MainRuns;119;78Se;Y;1400.0784043906458;
MainRuns;120;78Se;Y;1600.1024065540194;
MainRuns;121;78Se;Y;2800.3136351271341;
MainRuns;122;78Se;Y;2000.1600128010241;
MainRuns;123;78Se;Y;2600.2704281245251;
MainRuns;124;78Se;Y;800.02560081922627;
MainRuns;125;78Se;Y;2200.1936170382992;
MainRuns;126;78Se;Y;2000.1600128010241;
MainRuns;127;78Se;Y;2200.1936170382992;
MainRuns;128;78Se;Y;1800.1296093318717;
MainRuns;129;78Se;Y;3000.3600432051849;
MainRuns;130;78Se;Y;3400.4624628949537;
MainRuns;131;78Se;Y;1400.0784043906458;
MainRuns;132;78Se;Y;1200.0576027649329;
MainRuns;133;78Se;Y;2400.2304221205236;
MainRuns;134;78Se;Y;4200.7057185607182;
MainRuns;135;78Se;Y;1800.1296093318717;
MainRuns;136;78Se;Y;4000.640102416387;
MainRuns;137;78Se;Y;2600.2704281245251;
MainRuns;138;78Se;Y;2400.2304221205236;
MainRuns;139;78Se;Y;2200.1936170382992;
MainRuns;140;78Se;Y;3000.3600432051849;
MainRuns;141;78Se;Y;2600.2704281245251;
MainRuns;142;78Se;Y;2400.2304221205236;
MainRuns;143;78Se;Y;1800.1296093318717;
MainRuns;144;78Se;Y;2000.1600128010241;
MainRuns;145;78Se;Y;1800.1296093318717;
MainRuns;146;78Se;Y;2400.2304221205236;
MainRuns;147;78Se;Y;2000.1600128010241;
MainRuns;148;78Se;Y;2600.2704281245251;
MainRuns;149;78Se;Y;3000.3600432051849;
MainRuns;150;78Se;Y;4000.640102416387;
MainRuns;151;78Se;Y;2800.3136351271341;
MainRuns;152;78Se;Y;2800.3136351271341;
MainRuns;153;78Se;Y;1600.1024065540194;
MainRuns;154;78Se;Y;2200.1936170382992;
MainRuns;155;78Se;Y;3400.4624628949537;
MainRuns;156;78Se;Y;1600.1024065540194;
MainRuns;157;78Se;Y;1400.0784043906458;
MainRuns;158;78Se;Y;2200.1936170382992;
MainRuns;159;78Se;Y;1400.0784043906458;
MainRuns;160;78Se;Y;3000.3600432051849;
MainRuns;161;78Se;Y;2000.1600128010241;
MainRuns;162;78Se;Y;3200.4096524355118;
MainRuns;163;78Se;Y;2800.3136351271341;
MainRuns;164;78Se;Y;2000.1600128010241;
MainRuns;165;78Se;Y;1400.0784043906458;
MainRuns;166;78Se;Y;3000.3600432051849;
MainRuns;167;78Se;Y;2200.1936170382992;
MainRuns;168;78Se;Y;3000.3600432051849;
MainRuns;169;78Se;Y;2800.3136351271341;
MainRuns;170;78Se;Y;1200.0576027649329;
MainRuns;171;78Se;Y;2600.2704281245251;
MainRuns;172;78Se;Y;3400.4624628949537;
MainRuns;173;78Se;Y;2600.2704281245251;
MainRuns;174;78Se;Y;2400.2304221205236;
MainRuns;175;78Se;Y;2000.1600128010241;
MainRuns;176;78Se;Y;1600.1024065540194;
MainRuns;177;78Se;Y;3200.4096524355118;
MainRuns;178;78Se;Y;1600.1024065540194;
MainRuns;179;78Se;Y;2200.1936170382992;
MainRuns;180;78Se;Y;1800.1296093318717;
MainRuns;181;78Se;Y;2000.1600128010241;
MainRuns;182;78Se;Y;3200.4096524355118;
MainRuns;183;78Se;Y;3400.4624628949537;
MainRuns;184;78Se;Y;1200.0576027649329;
MainRuns;185;78Se;Y;1400.0784043906458;
MainRuns;186;78Se;Y;3000.3600432051849;
MainRuns;187;78Se;Y;1800.1296093318717;
MainRuns;188;78Se;Y;2800.3136351271341;
MainRuns;189;78Se;Y;3200.4096524355118;
MainRuns;190;78Se;Y;1200.0576027649329;
MainRuns;191;78Se;Y;1800.1296093318717;
MainRuns;192;78Se;Y;1800.1296093318717;
MainRuns;193;78Se;Y;1600.1024065540194;
MainRuns;194;78Se;Y;2200.1936170382992;
MainRuns;195;78Se;Y;2600.2704281245251;
MainRuns;196;78Se;Y;1400.0784043906458;
MainRuns;197;78Se;Y;1400.0784043906458;
MainRuns;198;78Se;Y;2000.1600128010241;
MainRuns;199;78Se;Y;1600.1024065540194;
MainRuns;200;78Se;Y;3400.4624628949537;
MainRuns;201;78Se;Y;3200.4096524355118;
MainRuns;202;78Se;Y;2400.2304221205236;
MainRuns;203;78Se;Y;2400.2304221205236;
MainRuns;204;78Se;Y;2000.1600128010241;
MainRuns;205;78Se;Y;3600.5184746603513;
MainRuns;206;78Se;Y;3400.4624628949537;
MainRuns;207;78Se;Y;2000.1600128010241;
MainRuns;208;78Se;Y;2600.2704281245251;
MainRuns;209;78Se;Y;3000.3600432051849;
MainRuns;210;78Se;Y;3000.3600432051849;
MainRuns;211;78Se;Y;1800.1296093318717;
MainRuns;212;78Se;Y;1800.1296093318717;
MainRuns;213;78Se;Y;2400.2304221205236;
MainRuns;214;78Se;Y;1600.1024065540194;
MainRuns;215;78Se;Y;3000.3600432051849;
MainRuns;216;78Se;Y;2400.2304221205236;
MainRuns;217;78Se;Y;1600.1024065540194;
MainRuns;218;78Se;Y;1400.0784043906458;
MainRuns;219;78Se;Y;1000.040001600064;
MainRuns;220;78Se;Y;2600.2704281245251;
MainRuns;221;78Se;Y;1800.1296093318717;
MainRuns;222;78Se;Y;3800.5776878085471;
MainRuns;223;78Se;Y;2000.1600128010241;
MainRuns;224;78Se;Y;3200.4096524355118;
MainRuns;225;78Se;Y;1400.0784043906458;
MainRuns;226;78Se;Y;2200.1936170382992;
MainRuns;227;78Se;Y;2000.1600128010241;
MainRuns;228;78Se;Y;3600.5184746603513;
MainRuns;229;78Se;Y;2000.1600128010241;
MainRuns;230;78Se;Y;2000.1600128010241;
MainRuns;231;78Se;Y;2200.1936170382992;
MainRuns;232;78Se;Y;1200.0576027649329;
MainRuns;233;78Se;Y;2200.1936170382992;
MainRuns;234;78Se;Y;2000.1600128010241;
MainRuns;235;78Se;Y;2400.2304221205236;
MainRuns;236;78Se;Y;3200.4096524355118;
MainRuns;237;78Se;Y;3200.4096524355118;
MainRuns;238;78Se;Y;800.02560081922627;
MainRuns;239;78Se;Y;3600.5184746603513;
MainRuns;240;78Se;Y;3400.4624628949537;
MainRuns;241;78Se;Y;2600.2704281245251;
MainRuns;242;78Se;Y;2800.3136351271341;
MainRuns;243;78Se;Y;1800.1296093318717;
MainRuns;244;78Se;Y;1800.1296093318717;
MainRuns;245;78Se;Y;1800.1296093318717;
MainRuns;246;78Se;Y;2600.2704281245251;
MainRuns;247;78Se;Y;2800.3136351271341;
MainRuns;248;78Se;Y;2200.1936170382992;
MainRuns;249;78Se;Y;2200.1936170382992;
MainRuns;250;78Se;Y;1800.1296093318717;
MainRuns;251;78Se;Y;1200.0576027649329;
MainRuns;252;78Se;Y;2200.1936170382992;
MainRuns;253;78Se;Y;2600.2704281245251;
MainRuns;254;78Se;Y;3000.3600432051849;
MainRuns;255;78Se;Y;1800.1296093318717;
MainRuns;256;78Se;Y;1400.0784043906458;
MainRuns;257;78Se;Y;2800.3136351271341;
MainRuns;258;78Se;Y;1400.0784043906458;
MainRuns;259;78Se;Y;2800.3136351271341;
MainRuns;260;78Se;Y;3000.3600432051849;
MainRuns;261;78Se;Y;2200.1936170382992;
MainRuns;262;78Se;Y;;
MainRuns;0;78Se;Time;0.60961;
MainRuns;1;78Se;Time;1.22978;
MainRuns;2;78Se;Time;1.84991;
MainRuns;3;78Se;Time;2.4702;
MainRuns;4;78Se;Time;3.09035;
MainRuns;5;78Se;Time;3.71048;
MainRuns;6;78Se;Time;4.33065;
MainRuns;7;78Se;Time;4.95089;
MainRuns;8;78Se;Time;5.57102;
MainRuns;9;78Se;Time;6.19128;
MainRuns;10;78Se;Time;6.81146;
MainRuns;11;78Se;Time;7.43166;
MainRuns;12;78Se;Time;8.05181;
MainRuns;13;78Se;Time;8.67204;
MainRuns;14;78Se;Time;9.29217;
MainRuns;15;78Se;Time;9.91231;
MainRuns;16;78Se;Time;10.53252;
MainRuns;17;78Se;Time;11.15267;
MainRuns;18;78Se;Time;11.77287;
MainRuns;19;78Se;Time;12.393;
MainRuns;20;78Se;Time;13.01318;
MainRuns;21;78Se;Time;13.63335;
MainRuns;22;78Se;Time;14.25358;
MainRuns;23;78Se;Time;14.87376;
MainRuns;24;78Se;Time;15.49396;
MainRuns;25;78Se;Time;16.1141;
MainRuns;26;78Se;Time;16.73433;
MainRuns;27;78Se;Time;17.35446;
MainRuns;28;78Se;Time;17.9746;
MainRuns;29;78Se;Time;18.59482;
MainRuns;30;78Se;Time;19.21497;
MainRuns;31;78Se;Time;19.83518;
MainRuns;32;78Se;Time;20.45533;
MainRuns;33;78Se;Time;21.0755;
MainRuns;34;78Se;Time;21.69567;
MainRuns;35;78Se;Time;22.3159;
MainRuns;36;78Se;Time;22.93604;
MainRuns;37;78Se;Time;23.5562;
MainRuns;38;78Se;Time;24.17639;
MainRuns;39;78Se;Time;24.79654;
MainRuns;40;78Se;Time;25.41672;
MainRuns;41;78Se;Time;26.03685;
MainRuns;42;78Se;Time;26.65704;
MainRuns;43;78Se;Time;27.27727;
MainRuns;44;78Se;Time;27.8974;
MainRuns;45;78Se;Time;28.51756;
MainRuns;46;78Se;Time;29.1377;
MainRuns;47;78Se;Time;29.75793;
MainRuns;48;78Se;Time;30.37807;
MainRuns;49;78Se;Time;30.99821;
MainRuns;50;78Se;Time;31.6184;
MainRuns;51;78Se;Time;32.23858;
MainRuns;52;78Se;Time;32.8588;
MainRuns;53;78Se;Time;33.47894;
MainRuns;54;78Se;Time;34.09909;
MainRuns;55;78Se;Time;34.71928;
MainRuns;56;78Se;Time;35.33952;
MainRuns;57;78Se;Time;35.95967;
MainRuns;58;78Se;Time;36.5799;
MainRuns;59;78Se;Time;37.20004;
MainRuns;60;78Se;Time;37.82017;
MainRuns;61;78Se;Time;38.44034;
MainRuns;62;78Se;Time;39.06048;
MainRuns;63;78Se;Time;39.68075;
MainRuns;64;78Se;Time;40.30092;
MainRuns;65;78Se;Time;40.92112;
MainRuns;66;78Se;Time;41.54127;
MainRuns;67;78Se;Time;42.1614;
MainRuns;68;78Se;Time;42.78158;
MainRuns;69;78Se;Time;43.40177;
MainRuns;70;78Se;Time;44.02201;
MainRuns;71;78Se;Time;44.64215;
MainRuns;72;78Se;Time;45.26235;
MainRuns;73;78Se;Time;45.88246;
MainRuns;74;78Se;Time;46.50268;
MainRuns;75;78Se;Time;47.12282;
MainRuns;76;78Se;Time;47.74301;
MainRuns;77;78Se;Time;48.36324;
MainRuns;78;78Se;Time;48.98339;
MainRuns;79;78Se;Time;49.60358;
MainRuns;80;78Se;Time;50.22372;
MainRuns;81;78Se;Time;50.84381;
MainRuns;82;78Se;Time;51.46399;
MainRuns;83;78Se;Time;52.08411;
MainRuns;84;78Se;Time;52.70423;
MainRuns;85;78Se;Time;53.32442;
MainRuns;86;78Se;Time;53.94461;
MainRuns;87;78Se;Time;54.56477;
MainRuns;88;78Se;Time;55.18497;
MainRuns;89;78Se;Time;55.80512;
MainRuns;90;78Se;Time;56.4253;
MainRuns;91;78Se;Time;57.0455;
MainRuns;92;78Se;Time;57.6657;
MainRuns;93;78Se;Time;58.28587;
MainRuns;94;78Se;Time;58.90608;
MainRuns;95;78Se;Time;59.52633;
MainRuns;96;78Se;Time;60.1465;
MainRuns;97;78Se;Time;60.76673;
MainRuns;98;78Se;Time;61.38691;
MainRuns;99;78Se;Time;62.0071;
MainRuns;100;78Se;Time;62.62725;
MainRuns;101;78Se;Time;63.24738;
MainRuns;102;78Se;Time;63.86755;
MainRuns;103;78Se;Time;64.48775;
MainRuns;104;78Se;Time;65.10795;
MainRuns;105;78Se;Time;65.72813;
MainRuns;106;78Se;Time;66.34834;
MainRuns;107;78Se;Time;66.96849;
MainRuns;108;78Se;Time;67.58865;
MainRuns;109;78Se;Time;68.20879;
MainRuns;110;78Se;Time;68.82892;
MainRuns;111;78Se;Time;69.44907;
MainRuns;112;78Se;Time;70.06929;
MainRuns;113;78Se;Time;70.68943;
MainRuns;114;78Se;Time;71.30957;
MainRuns;115;78Se;Time;71.92971;
MainRuns;116;78Se;Time;72.54985;
MainRuns;117;78Se;Time;73.16998;
MainRuns;118;78Se;Time;73.79015;
MainRuns;119;78Se;Time;74.41029;
MainRuns;120;78Se;Time;75.03044;
MainRuns;121;78Se;Time;75.65063;
MainRuns;122;78Se;Time;76.27081;
MainRuns;123;78Se;Time;76.89094;
MainRuns;124;78Se;Time;77.51108;
MainRuns;125;78Se;Time;78.13122;
MainRuns;126;78Se;Time;78.75145;
MainRuns;127;78Se;Time;79.37159;
MainRuns;128;78Se;Time;79.99173;
MainRuns;129;78Se;Time;80.61192;
MainRuns;130;78Se;Time;81.2321;
MainRuns;131;78Se;Time;81.8523;
MainRuns;132;78Se;Time;82.47246;
MainRuns;133;78Se;Time;83.09264;
MainRuns;134;78Se;Time;83.71282;
MainRuns;135;78Se;Time;84.33311;
MainRuns;136;78Se;Time;84.95327;
MainRuns;137;78Se;Time;85.57341;
MainRuns;138;78Se;Time;86.19356;
MainRuns;139;78Se;Time;86.8138;
MainRuns;140;78Se;Time;87.43393;
MainRuns;141;78Se;Time;88.05408;
MainRuns;142;78Se;Time;88.67427;
MainRuns;143;78Se;Time;89.29445;
MainRuns;144;78Se;Time;89.91458;
MainRuns;145;78Se;Time;90.53472;
MainRuns;146;78Se;Time;91.15486;
MainRuns;147;78Se;Time;91.775;
MainRuns;148;78Se;Time;92.39516;
MainRuns;149;78Se;Time;93.01529;
MainRuns;150;78Se;Time;93.63548;
MainRuns;151;78Se;Time;94.25571;
MainRuns;152;78Se;Time;94.87586;
MainRuns;153;78Se;Time;95.49601;
MainRuns;154;78Se;Time;96.11615;
MainRuns;155;78Se;Time;96.73628;
MainRuns;156;78Se;Time;97.35644;
MainRuns;157;78Se;Time;97.97656;
MainRuns;158;78Se;Time;98.5967;
MainRuns;159;78Se;Time;99.21691;
MainRuns;160;78Se;Time;99.83708;
MainRuns;161;78Se;Time;100.45728;
MainRuns;162;78Se;Time;101.07742;
MainRuns;163;78Se;Time;101.69765;
MainRuns;164;78Se;Time;102.31784;
MainRuns;165;78Se;Time;102.93806;
MainRuns;166;78Se;Time;103.5582;
MainRuns;167;78Se;Time;104.1784;
MainRuns;168;78Se;Time;104.79854;
MainRuns;169;78Se;Time;105.41862;
MainRuns;170;78Se;Time;106.03879;
MainRuns;171;78Se;Time;106.65891;
MainRuns;172;78Se;Time;107.27911;
MainRuns;173;78Se;Time;107.89934;
MainRuns;174;78Se;Time;108.51949;
MainRuns;175;78Se;Time;109.13968;
MainRuns;176;78Se;Time;109.75979;
MainRuns;177;78Se;Time;110.38001;
MainRuns;178;78Se;Time;111.00021;
MainRuns;179;78Se;Time;111.62041;
MainRuns;180;78Se;Time;112.24058;
MainRuns;181;78Se;Time;112.86078;
MainRuns;182;78Se;Time;113.48094;
MainRuns;183;78Se;Time;114.10115;
MainRuns;184;78Se;Time;114.72129;
MainRuns;185;78Se;Time;115.34151;
MainRuns;186;78Se;Time;115.96168;
MainRuns;187;78Se;Time;116.5819;
MainRuns;188;78Se;Time;117.20204;
MainRuns;189;78Se;Time;117.82227;
MainRuns;190;78Se;Time;118.44242;
MainRuns;191;78Se;Time;119.06258;
MainRuns;192;78Se;Time;119.68271;
MainRuns;193;78Se;Time;120.30291;
MainRuns;194;78Se;Time;120.92306;
MainRuns;195;78Se;Time;121.54322;
MainRuns;196;78Se;Time;122.16349;
MainRuns;197;78Se;Time;122.7837;
MainRuns;198;78Se;Time;123.40392;
MainRuns;199;78Se;Time;124.02406;
MainRuns;200;78Se;Time;124.6442;
MainRuns;201;78Se;Time;125.26436;
MainRuns;202;78Se;Time;125.88458;
MainRuns;203;78Se;Time;126.50477;
MainRuns;204;78Se;Time;127.12497;
MainRuns;205;78Se;Time;127.74514;
MainRuns;206;78Se;Time;128.36534;
MainRuns;207;78Se;Time;128.98549;
MainRuns;208;78Se;Time;129.60572;
MainRuns;209;78Se;Time;130.22585;
MainRuns;210;78Se;Time;130.84608;
MainRuns;211;78Se;Time;131.46622;
MainRuns;212;78Se;Time;132.08637;
MainRuns;213;78Se;Time;132.7065;
MainRuns;214;78Se;Time;133.32667;
MainRuns;215;78Se;Time;133.9469;
MainRuns;216;78Se;Time;134.56704;
MainRuns;217;78Se;Time;135.1873;
MainRuns;218;78Se;Time;135.80748;
MainRuns;219;78Se;Time;136.42761;
MainRuns;220;78Se;Time;137.04775;
MainRuns;221;78Se;Time;137.6679;
MainRuns;222;78Se;Time;138.28813;
MainRuns;223;78Se;Time;138.90826;
MainRuns;224;78Se;Time;139.52856;
MainRuns;225;78Se;Time;140.1487;
MainRuns;226;78Se;Time;140.76884;
MainRuns;227;78Se;Time;141.38901;
MainRuns;228;78Se;Time;142.00923;
MainRuns;229;78Se;Time;142.6294;
MainRuns;230;78Se;Time;143.24964;
MainRuns;231;78Se;Time;143.86981;
MainRuns;232;78Se;Time;144.49001;
MainRuns;233;78Se;Time;145.11016;
MainRuns;234;78Se;Time;145.73039;
MainRuns;235;78Se;Time;146.35053;
MainRuns;236;78Se;Time;146.97081;
MainRuns;237;78Se;Time;147.59096;
MainRuns;238;78Se;Time;148.21115;
MainRuns;239;78Se;Time;148.83127;
MainRuns;240;78Se;Time;149.4515;
MainRuns;241;78Se;Time;150.07163;
MainRuns;242;78Se;Time;150.69182;
MainRuns;243;78Se;Time;151.31207;
MainRuns;244;78Se;Time;151.93228;
MainRuns;245;78Se;Time;152.55243;
MainRuns;246;78Se;Time;153.17266;
MainRuns;247;78Se;Time;153.79279;
MainRuns;248;78Se;Time;154.41308;
MainRuns;249;78Se;Time;155.03322;
MainRuns;250;78Se;Time;155.65342;
MainRuns;251;78Se;Time;156.27357;
MainRuns;252;78Se;Time;156.89374;
MainRuns;253;78Se;Time;157.51387;
MainRuns;254;78Se;Time;158.13407;
MainRuns;255;78Se;Time;158.75429;
MainRuns;256;78Se;Time;159.37445;
MainRuns;257;78Se;Time;159.99461;
MainRuns;258;78Se;Time;160.61475;
MainRuns;259;78Se;Time;161.23498;
MainRuns;260;78Se;Time;161.85511;
MainRuns;261;78Se;Time;162.47525;
MainRuns;262;78Se;Time;;
MainRuns;0;103Rh;Y;0;
MainRuns;1;103Rh;Y;100.00040000160001;
MainRuns;2;103Rh;Y;0;
MainRuns;3;103Rh;Y;0;
MainRuns;4;103Rh;Y;0;
MainRuns;5;103Rh;Y;0;
MainRuns;6;103Rh;Y;100.00040000160001;
MainRuns;7;103Rh;Y;300.00360004320055;
MainRuns;8;103Rh;Y;0;
MainRuns;9;103Rh;Y;0;
MainRuns;10;103Rh;Y;0;
MainRuns;11;103Rh;Y;0;
MainRuns;12;103Rh;Y;100.00040000160001;
MainRuns;13;103Rh;Y;0;
MainRuns;14;103Rh;Y;0;
MainRuns;15;103Rh;Y;0;
MainRuns;16;103Rh;Y;0;
MainRuns;17;103Rh;Y;0;
MainRuns;18;103Rh;Y;0;
MainRuns;19;103Rh;Y;0;
MainRuns;20;103Rh;Y;0;
MainRuns;21;103Rh;Y;0;
MainRuns;22;103Rh;Y;0;
MainRuns;23;103Rh;Y;0;
MainRuns;24;103Rh;Y;0;
MainRuns;25;103Rh;Y;100.00040000160001;
MainRuns;26;103Rh;Y;0;
MainRuns;27;103Rh;Y;0;
MainRuns;28;103Rh;Y;0;
MainRuns;29;103Rh;Y;0;
MainRuns;30;103Rh;Y;0;
MainRuns;31;103Rh;Y;0;
MainRuns;32;103Rh;Y;0;
MainRuns;33;103Rh;Y;0;
MainRuns;34;103Rh;Y;0;
MainRuns;35;103Rh;Y;0;
MainRuns;36;103Rh;Y;0;
MainRuns;37;103Rh;Y;0;
MainRuns;38;103Rh;Y;0;
MainRuns;39;103Rh;Y;0;
MainRuns;40;103Rh;Y;0;
MainRuns;41;103Rh;Y;0;
MainRuns;42;103Rh;Y;0;
MainRuns;43;103Rh;Y;0;
MainRuns;44;103Rh;Y;0;
MainRuns;45;103Rh;Y;0;
MainRuns;46;103Rh;Y;0;
MainRuns;47;103Rh;Y;0;
MainRuns;48;103Rh;Y;0;
MainRuns;49;103Rh;Y;0;
MainRuns;50;103Rh;Y;0;
MainRuns;51;103Rh;Y;0;
MainRuns;52;103Rh;Y;0;
MainRuns;53;103Rh;Y;0;
MainRuns;54;103Rh;Y;0;
MainRuns;55;103Rh;Y;0;
MainRuns;56;103Rh;Y;0;
MainRuns;57;103Rh;Y;0;
MainRuns;58;103Rh;Y;0;
MainRuns;59;103Rh;Y;100.00040000160001;
MainRuns;60;103Rh;Y;0;
MainRuns;61;103Rh;Y;0;
MainRuns;62;103Rh;Y;0;
MainRuns;63;103Rh;Y;0;
MainRuns;64;103Rh;Y;0;
MainRuns;65;103Rh;Y;0;
MainRuns;66;103Rh;Y;0;
MainRuns;67;103Rh;Y;0;
MainRuns;68;103Rh;Y;100.00040000160001;
MainRuns;69;103Rh;Y;200.00160001280011;
MainRuns;70;103Rh;Y;200.00160001280011;
MainRuns;71;103Rh;Y;100.00040000160001;
MainRuns;72;103Rh;Y;100.00040000160001;
MainRuns;73;103Rh;Y;100.00040000160001;
MainRuns;74;103Rh;Y;300.00360004320055;
MainRuns;75;103Rh;Y;400.00640010240164;
MainRuns;76;103Rh;Y;100.00040000160001;
MainRuns;77;103Rh;Y;200.00160001280011;
MainRuns;78;103Rh;Y;100.00040000160001;
MainRuns;79;103Rh;Y;100.00040000160001;
MainRuns;80;103Rh;Y;400.00640010240164;
MainRuns;81;103Rh;Y;500.010000200004;
MainRuns;82;103Rh;Y;300.00360004320055;
MainRuns;83;103Rh;Y;700.01960054881533;
MainRuns;84;103Rh;Y;1300.0676035153829;
MainRuns;85;103Rh;Y;1000.040001600064;
MainRuns;86;103Rh;Y;800.02560081922627;
MainRuns;87;103Rh;Y;800.02560081922627;
MainRuns;88;103Rh;Y;900.032401166442;
MainRuns;89;103Rh;Y;700.01960054881533;
MainRuns;90;103Rh;Y;800.02560081922627;
MainRuns;91;103Rh;Y;1000.040001600064;
MainRuns;92;103Rh;Y;1000.040001600064;
MainRuns;93;103Rh;Y;1000.040001600064;
MainRuns;94;103Rh;Y;1100.0484021296938;
MainRuns;95;103Rh;Y;1100.0484021296938;
MainRuns;96;103Rh;Y;600.01440034560835;
MainRuns;97;103Rh;Y;1100.0484021296938;
MainRuns;98;103Rh;Y;1200.0576027649329;
MainRuns;99;103Rh;Y;1200.0576027649329;
MainRuns;100;103Rh;Y;1000.040001600064;
MainRuns;101;103Rh;Y;800.02560081922627;
MainRuns;102;103Rh;Y;1400.0784043906458;
MainRuns;103;103Rh;Y;1200.0576027649329;
MainRuns;104;103Rh;Y;1100.0484021296938;
MainRuns;105;103Rh;Y;1600.1024065540194;
MainRuns;106;103Rh;Y;1700.1156078613344;
MainRuns;107;103Rh;Y;600.01440034560835;
MainRuns;108;103Rh;Y;800.02560081922627;
MainRuns;109;103Rh;Y;1200.0576027649329;
MainRuns;110;103Rh;Y;1100.0484021296938;
MainRuns;111;103Rh;Y;700.01960054881533;
MainRuns;112;103Rh;Y;1100.0484021296938;
MainRuns;113;103Rh;Y;800.02560081922627;
MainRuns;114;103Rh;Y;500.010000200004;
MainRuns;115;103Rh;Y;1000.040001600064;
MainRuns;116;103Rh;Y;800.02560081922627;
MainRuns;117;103Rh;Y;1200.0576027649329;
MainRuns;118;103Rh;Y;1300.0676035153829;
MainRuns;119;103Rh;Y;600.01440034560835;
MainRuns;120;103Rh;Y;500.010000200004;
MainRuns;121;103Rh;Y;900.032401166442;
MainRuns;122;103Rh;Y;600.01440034560835;
MainRuns;123;103Rh;Y;300.00360004320055;
MainRuns;124;103Rh;Y;100.00040000160001;
MainRuns;125;103Rh;Y;400.00640010240164;
MainRuns;126;103Rh;Y;500.010000200004;
MainRuns;127;103Rh;Y;500.010000200004;
MainRuns;128;103Rh;Y;900.032401166442;
MainRuns;129;103Rh;Y;300.00360004320055;
MainRuns;130;103Rh;Y;300.00360004320055;
MainRuns;131;103Rh;Y;200.00160001280011;
MainRuns;132;103Rh;Y;100.00040000160001;
MainRuns;133;103Rh;Y;300.00360004320055;
MainRuns;134;103Rh;Y;100.00040000160001;
MainRuns;135;103Rh;Y;100.00040000160001;
MainRuns;136;103Rh;Y;0;
MainRuns;137;103Rh;Y;200.00160001280011;
MainRuns;138;103Rh;Y;0;
MainRuns;139;103Rh;Y;100.00040000160001;
MainRuns;140;103Rh;Y;0;
MainRuns;141;103Rh;Y;0;
MainRuns;142;103Rh;Y;0;
MainRuns;143;103Rh;Y;100.00040000160001;
MainRuns;144;103Rh;Y;0;
MainRuns;145;103Rh;Y;0;
MainRuns;146;103Rh;Y;0;
MainRuns;147;103Rh;Y;0;
MainRuns;148;103Rh;Y;0;
MainRuns;149;103Rh;Y;100.00040000160001;
MainRuns;150;103Rh;Y;200.00160001280011;
MainRuns;151;103Rh;Y;0;
MainRuns;152;103Rh;Y;0;
MainRuns;153;103Rh;Y;0;
MainRuns;154;103Rh;Y;0;
MainRuns;155;103Rh;Y;100.00040000160001;
MainRuns;156;103Rh;Y;100.00040000160001;
MainRuns;157;103Rh;Y;0;
MainRuns;158;103Rh;Y;0;
MainRuns;159;103Rh;Y;0;
MainRuns;160;103Rh;Y;0;
MainRuns;161;103Rh;Y;0;
MainRuns;162;103Rh;Y;0;
MainRuns;163;103Rh;Y;0;
MainRuns;164;103Rh;Y;0;
MainRuns;165;103Rh;Y;0;
MainRuns;166;103Rh;Y;0;
MainRuns;167;103Rh;Y;0;
MainRuns;168;103Rh;Y;0;
MainRuns;169;103Rh;Y;0;
MainRuns;170;103Rh;Y;0;
MainRuns;171;103Rh;Y;0;
MainRuns;172;103Rh;Y;0;
MainRuns;173;103Rh;Y;0;
MainRuns;174;103Rh;Y;0;
MainRuns;175;103Rh;Y;100.00040000160001;
MainRuns;176;103Rh;Y;0;
MainRuns;177;103Rh;Y;200.00160001280011;
MainRuns;178;103Rh;Y;0;
MainRuns;179;103Rh;Y;0;
MainRuns;180;103Rh;Y;0;
MainRuns;181;103Rh;Y;0;
MainRuns;182;103Rh;Y;0;
MainRuns;183;103Rh;Y;0;
MainRuns;184;103Rh;Y;0;
MainRuns;185;103Rh;Y;0;
MainRuns;186;103Rh;Y;100.00040000160001;
MainRuns;187;103Rh;Y;0;
MainRuns;188;103Rh;Y;0;
MainRuns;189;103Rh;Y;0;
MainRuns;190;103Rh;Y;0;
MainRuns;191;103Rh;Y;0;
MainRuns;192;103Rh;Y;0;
MainRuns;193;103Rh;Y;0;
MainRuns;194;103Rh;Y;0;
MainRuns;195;103Rh;Y;0;
MainRuns;196;103Rh;Y;0;
MainRuns;197;103Rh;Y;300.00360004320055;
MainRuns;198;103Rh;Y;0;
MainRuns;199;103Rh;Y;0;
MainRuns;200;103Rh;Y;0;
MainRuns;201;103Rh;Y;0;
MainRuns;202;103Rh;Y;100.00040000160001;
MainRuns;203;103Rh;Y;0;
MainRuns;204;103Rh;Y;0;
MainRuns;205;103Rh;Y;0;
MainRuns;206;103Rh;Y;0;
MainRuns;207;103Rh;Y;0;
MainRuns;208;103Rh;Y;0;
MainRuns;209;103Rh;Y;0;
MainRuns;210;103Rh;Y;0;
MainRuns;211;103Rh;Y;0;
MainRuns;212;103Rh;Y;0;
MainRuns;213;103Rh;Y;0;
MainRuns;214;103Rh;Y;0;
MainRuns;215;103Rh;Y;100.00040000160001;
MainRuns;216;103Rh;Y;0;
MainRuns;217;103Rh;Y;100.00040000160001;
MainRuns;218;103Rh;Y;0;
MainRuns;219;103Rh;Y;0;
MainRuns;220;103Rh;Y;0;
MainRuns;221;103Rh;Y;0;
MainRuns;222;103Rh;Y;0;
MainRuns;223;103Rh;Y;100.00040000160001;
MainRuns;224;103Rh;Y;0;
MainRuns;225;103Rh;Y;0;
MainRuns;226;103Rh;Y;0;
MainRuns;227;103Rh;Y;0;
MainRuns;228;103Rh;Y;0;
MainRuns;229;103Rh;Y;0;
MainRuns;230;103Rh;Y;0;
MainRuns;231;103Rh;Y;0;
MainRuns;232;103Rh;Y;0;
MainRuns;233;103Rh;Y;0;
MainRuns;234;103Rh;Y;0;
MainRuns;235;103Rh;Y;0;
MainRuns;236;103Rh;Y;0;
MainRuns;237;103Rh;Y;0;
MainRuns;238;103Rh;Y;0;
MainRuns;239;103Rh;Y;0;
MainRuns;240;103Rh;Y;200.00160001280011;
MainRuns;241;103Rh;Y;100.00040000160001;
MainRuns;242;103Rh;Y;100.00040000160001;
MainRuns;243;103Rh;Y;0;
MainRuns;244;103Rh;Y;0;
MainRuns;245;103Rh;Y;0;
MainRuns;246;103Rh;Y;0;
MainRuns;247;103Rh;Y;0;
MainRuns;248;103Rh;Y;0;
MainRuns;249;103Rh;Y;0;
MainRuns;250;103Rh;Y;0;
MainRuns;251;103Rh;Y;0;
MainRuns;252;103Rh;Y;0;
MainRuns;253;103Rh;Y;0;
MainRuns;254;103Rh;Y;0;
MainRuns;255;103Rh;Y;0;
MainRuns;256;103Rh;Y;0;
MainRuns;257;103Rh;Y;0;
MainRuns;258;103Rh;Y;100.00040000160001;
MainRuns;259;103Rh;Y;0;
MainRuns;260;103Rh;Y;0;
MainRuns;261;103Rh;Y;0;
MainRuns;262;103Rh;Y;;
MainRuns;0;103Rh;Time;0.62112;
MainRuns;1;103Rh;Time;1.24133;
MainRuns;2;103Rh;Time;1.86145;
MainRuns;3;103Rh;Time;2.48172;
MainRuns;4;103Rh;Time;3.1019;
MainRuns;5;103Rh;Time;3.72201;
MainRuns;6;103Rh;Time;4.34222;
MainRuns;7;103Rh;Time;4.96242;
MainRuns;8;103Rh;Time;5.58256;
MainRuns;9;103Rh;Time;6.20283;
MainRuns;10;103Rh;Time;6.82303;
MainRuns;11;103Rh;Time;7.44318;
MainRuns;12;103Rh;Time;8.06333;
MainRuns;13;103Rh;Time;8.68358;
MainRuns;14;103Rh;Time;9.30371;
MainRuns;15;103Rh;Time;9.9239;
MainRuns;16;103Rh;Time;10.54404;
MainRuns;17;103Rh;Time;11.16424;
MainRuns;18;103Rh;Time;11.78438;
MainRuns;19;103Rh;Time;12.40452;
MainRuns;20;103Rh;Time;13.02472;
MainRuns;21;103Rh;Time;13.64489;
MainRuns;22;103Rh;Time;14.26511;
MainRuns;23;103Rh;Time;14.88533;
MainRuns;24;103Rh;Time;15.50548;
MainRuns;25;103Rh;Time;16.12567;
MainRuns;26;103Rh;Time;16.74587;
MainRuns;27;103Rh;Time;17.36599;
MainRuns;28;103Rh;Time;17.9862;
MainRuns;29;103Rh;Time;18.60633;
MainRuns;30;103Rh;Time;19.22654;
MainRuns;31;103Rh;Time;19.8467;
MainRuns;32;103Rh;Time;20.46685;
MainRuns;33;103Rh;Time;21.08704;
MainRuns;34;103Rh;Time;21.7072;
MainRuns;35;103Rh;Time;22.32743;
MainRuns;36;103Rh;Time;22.94756;
MainRuns;37;103Rh;Time;23.56773;
MainRuns;38;103Rh;Time;24.1879;
MainRuns;39;103Rh;Time;24.80806;
MainRuns;40;103Rh;Time;25.42826;
MainRuns;41;103Rh;Time;26.04837;
MainRuns;42;103Rh;Time;26.66863;
MainRuns;43;103Rh;Time;27.28878;
MainRuns;44;103Rh;Time;27.90894;
MainRuns;45;103Rh;Time;28.52907;
MainRuns;46;103Rh;Time;29.14927;
MainRuns;47;103Rh;Time;29.76947;
MainRuns;48;103Rh;Time;30.3896;
MainRuns;49;103Rh;Time;31.00979;
MainRuns;50;103Rh;Time;31.62994;
MainRuns;51;103Rh;Time;32.25015;
MainRuns;52;103Rh;Time;32.87036;
MainRuns;53;103Rh;Time;33.49045;
MainRuns;54;103Rh;Time;34.11064;
MainRuns;55;103Rh;Time;34.73082;
MainRuns;56;103Rh;Time;35.35105;
MainRuns;57;103Rh;Time;35.97126;
MainRuns;58;103Rh;Time;36.59141;
MainRuns;59;103Rh;Time;37.2116;
MainRuns;60;103Rh;Time;37.83168;
MainRuns;61;103Rh;Time;38.45188;
MainRuns;62;103Rh;Time;39.07201;
MainRuns;63;103Rh;Time;39.69228;
MainRuns;64;103Rh;Time;40.31248;
MainRuns;65;103Rh;Time;40.93263;
MainRuns;66;103Rh;Time;41.55278;
MainRuns;67;103Rh;Time;42.17292;
MainRuns;68;103Rh;Time;42.79311;
MainRuns;69;103Rh;Time;43.41336;
MainRuns;70;103Rh;Time;44.03352;
MainRuns;71;103Rh;Time;44.65371;
MainRuns;72;103Rh;Time;45.27386;
MainRuns;73;103Rh;Time;45.894;
MainRuns;74;103Rh;Time;46.51422;
MainRuns;75;103Rh;Time;47.13434;
MainRuns;76;103Rh;Time;47.75459;
MainRuns;77;103Rh;Time;48.37475;
MainRuns;78;103Rh;Time;48.99493;
MainRuns;79;103Rh;Time;49.6151;
MainRuns;80;103Rh;Time;50.23524;
MainRuns;81;103Rh;Time;50.85533;
MainRuns;82;103Rh;Time;51.47552;
MainRuns;83;103Rh;Time;52.09564;
MainRuns;84;103Rh;Time;52.71576;
MainRuns;85;103Rh;Time;53.33597;
MainRuns;86;103Rh;Time;53.95613;
MainRuns;87;103Rh;Time;54.5763;
MainRuns;88;103Rh;Time;55.19648;
MainRuns;89;103Rh;Time;55.81664;
MainRuns;90;103Rh;Time;56.43683;
MainRuns;91;103Rh;Time;57.05709;
MainRuns;92;103Rh;Time;57.67723;
MainRuns;93;103Rh;Time;58.29743;
MainRuns;94;103Rh;Time;58.91766;
MainRuns;95;103Rh;Time;59.53787;
MainRuns;96;103Rh;Time;60.15804;
MainRuns;97;103Rh;Time;60.77827;
MainRuns;98;103Rh;Time;61.39847;
MainRuns;99;103Rh;Time;62.01862;
MainRuns;100;103Rh;Time;62.63881;
MainRuns;101;103Rh;Time;63.25889;
MainRuns;102;103Rh;Time;63.87908;
MainRuns;103;103Rh;Time;64.49934;
MainRuns;104;103Rh;Time;65.11949;
MainRuns;105;103Rh;Time;65.73969;
MainRuns;106;103Rh;Time;66.35985;
MainRuns;107;103Rh;Time;66.98;
MainRuns;108;103Rh;Time;67.6002;
MainRuns;109;103Rh;Time;68.22032;
MainRuns;110;103Rh;Time;68.84045;
MainRuns;111;103Rh;Time;69.46065;
MainRuns;112;103Rh;Time;70.0808;
MainRuns;113;103Rh;Time;70.70099;
MainRuns;114;103Rh;Time;71.32109;
MainRuns;115;103Rh;Time;71.94122;
MainRuns;116;103Rh;Time;72.56136;
MainRuns;117;103Rh;Time;73.18149;
MainRuns;118;103Rh;Time;73.80169;
MainRuns;119;103Rh;Time;74.42182;
MainRuns;120;103Rh;Time;75.04202;
MainRuns;121;103Rh;Time;75.66217;
MainRuns;122;103Rh;Time;76.28237;
MainRuns;123;103Rh;Time;76.90247;
MainRuns;124;103Rh;Time;77.52259;
MainRuns;125;103Rh;Time;78.14278;
MainRuns;126;103Rh;Time;78.76299;
MainRuns;127;103Rh;Time;79.38312;
MainRuns;128;103Rh;Time;80.00331;
MainRuns;129;103Rh;Time;80.62345;
MainRuns;130;103Rh;Time;81.24366;
MainRuns;131;103Rh;Time;81.86382;
MainRuns;132;103Rh;Time;82.48397;
MainRuns;133;103Rh;Time;83.1042;
MainRuns;134;103Rh;Time;83.72448;
MainRuns;135;103Rh;Time;84.34463;
MainRuns;136;103Rh;Time;84.9648;
MainRuns;137;103Rh;Time;85.58493;
MainRuns;138;103Rh;Time;86.20512;
MainRuns;139;103Rh;Time;86.82533;
MainRuns;140;103Rh;Time;87.44546;
MainRuns;141;103Rh;Time;88.06566;
MainRuns;142;103Rh;Time;88.68581;
MainRuns;143;103Rh;Time;89.30601;
MainRuns;144;103Rh;Time;89.92611;
MainRuns;145;103Rh;Time;90.54624;
MainRuns;146;103Rh;Time;91.16642;
MainRuns;147;103Rh;Time;91.78651;
MainRuns;148;103Rh;Time;92.4067;
MainRuns;149;103Rh;Time;93.02682;
MainRuns;150;103Rh;Time;93.64706;
MainRuns;151;103Rh;Time;94.26723;
MainRuns;152;103Rh;Time;94.88739;
MainRuns;153;103Rh;Time;95.50752;
MainRuns;154;103Rh;Time;96.1277;
MainRuns;155;103Rh;Time;96.7478;
MainRuns;156;103Rh;Time;97.36797;
MainRuns;157;103Rh;Time;97.98808;
MainRuns;158;103Rh;Time;98.60833;
MainRuns;159;103Rh;Time;99.22844;
MainRuns;160;103Rh;Time;99.84864;
MainRuns;161;103Rh;Time;100.46879;
MainRuns;162;103Rh;Time;101.08893;
MainRuns;163;103Rh;Time;101.70918;
MainRuns;164;103Rh;Time;102.32943;
MainRuns;165;103Rh;Time;102.94957;
MainRuns;166;103Rh;Time;103.56973;
MainRuns;167;103Rh;Time;104.18991;
MainRuns;168;103Rh;Time;104.81005;
MainRuns;169;103Rh;Time;105.43013;
MainRuns;170;103Rh;Time;106.05033;
MainRuns;171;103Rh;Time;106.67044;
MainRuns;172;103Rh;Time;107.29069;
MainRuns;173;103Rh;Time;107.91085;
MainRuns;174;103Rh;Time;108.53103;
MainRuns;175;103Rh;Time;109.15119;
MainRuns;176;103Rh;Time;109.77134;
MainRuns;177;103Rh;Time;110.39155;
MainRuns;178;103Rh;Time;111.01179;
MainRuns;179;103Rh;Time;111.63194;
MainRuns;180;103Rh;Time;112.25214;
MainRuns;181;103Rh;Time;112.8723;
MainRuns;182;103Rh;Time;113.49245;
MainRuns;183;103Rh;Time;114.1127;
MainRuns;184;103Rh;Time;114.73282;
MainRuns;185;103Rh;Time;115.35304;
MainRuns;186;103Rh;Time;115.97325;
MainRuns;187;103Rh;Time;116.59342;
MainRuns;188;103Rh;Time;117.2136;
MainRuns;189;103Rh;Time;117.83382;
MainRuns;190;103Rh;Time;118.45395;
MainRuns;191;103Rh;Time;119.07415;
MainRuns;192;103Rh;Time;119.69427;
MainRuns;193;103Rh;Time;120.31442;
MainRuns;194;103Rh;Time;120.93459;
MainRuns;195;103Rh;Time;121.55479;
MainRuns;196;103Rh;Time;122.17504;
MainRuns;197;103Rh;Time;122.79529;
MainRuns;198;103Rh;Time;123.41543;
MainRuns;199;103Rh;Time;124.03561;
MainRuns;200;103Rh;Time;124.65572;
MainRuns;201;103Rh;Time;125.27593;
MainRuns;202;103Rh;Time;125.89613;
MainRuns;203;103Rh;Time;126.51637;
MainRuns;204;103Rh;Time;127.13651;
MainRuns;205;103Rh;Time;127.75671;
MainRuns;206;103Rh;Time;128.37686;
MainRuns;207;103Rh;Time;128.99701;
MainRuns;208;103Rh;Time;129.61727;
MainRuns;209;103Rh;Time;130.23739;
MainRuns;210;103Rh;Time;130.85762;
MainRuns;211;103Rh;Time;131.47774;
MainRuns;212;103Rh;Time;132.09791;
MainRuns;213;103Rh;Time;132.71804;
MainRuns;214;103Rh;Time;133.33824;
MainRuns;215;103Rh;Time;133.95845;
MainRuns;216;103Rh;Time;134.57858;
MainRuns;217;103Rh;Time;135.19885;
MainRuns;218;103Rh;Time;135.81905;
MainRuns;219;103Rh;Time;136.43915;
MainRuns;220;103Rh;Time;137.05927;
MainRuns;221;103Rh;Time;137.67947;
MainRuns;222;103Rh;Time;138.29967;
MainRuns;223;103Rh;Time;138.9198;
MainRuns;224;103Rh;Time;139.54008;
MainRuns;225;103Rh;Time;140.16027;
MainRuns;226;103Rh;Time;140.78037;
MainRuns;227;103Rh;Time;141.40058;
MainRuns;228;103Rh;Time;142.02078;
MainRuns;229;103Rh;Time;142.64095;
MainRuns;230;103Rh;Time;143.26118;
MainRuns;231;103Rh;Time;143.88138;
MainRuns;232;103Rh;Time;144.50153;
MainRuns;233;103Rh;Time;145.12173;
MainRuns;234;103Rh;Time;145.74193;
MainRuns;235;103Rh;Time;146.36206;
MainRuns;236;103Rh;Time;146.98233;
MainRuns;237;103Rh;Time;147.60249;
MainRuns;238;103Rh;Time;148.22267;
MainRuns;239;103Rh;Time;148.84283;
MainRuns;240;103Rh;Time;149.46303;
MainRuns;241;103Rh;Time;150.08316;
MainRuns;242;103Rh;Time;150.70342;
MainRuns;243;103Rh;Time;151.32364;
MainRuns;244;103Rh;Time;151.94379;
MainRuns;245;103Rh;Time;152.56395;
MainRuns;246;103Rh;Time;153.1842;
MainRuns;247;103Rh;Time;153.80432;
MainRuns;248;103Rh;Time;154.42459;
MainRuns;249;103Rh;Time;155.04476;
MainRuns;250;103Rh;Time;155.66493;
MainRuns;251;103Rh;Time;156.28509;
MainRuns;252;103Rh;Time;156.90527;
MainRuns;253;103Rh;Time;157.5254;
MainRuns;254;103Rh;Time;158.14566;
MainRuns;255;103Rh;Time;158.76581;
MainRuns;256;103Rh;Time;159.38598;
MainRuns;257;103Rh;Time;160.00612;
MainRuns;258;103Rh;Time;160.62632;
MainRuns;259;103Rh;Time;161.24652;
MainRuns;260;103Rh;Time;161.86664;
MainRuns;261;103Rh;Time;162.48684;
MainRuns;262;103Rh;Time;;
